name,category,gender,color,style,occasion,fit,season,recommended_skin_tones,recommended_body_types,temperature,material,tags,image_url
Light Blue Bomber Jacket 1,Outerwear,Unisex,Light Blue,Casual,"Date, University, Travel",Oversized,Autumn/Winter,"Fair, Medium, Deep","Slim, Average, Broad, Plus Size",Cool,Nylon,"Light Blue, casual, solid, minimal",images/outerwear/light_blue_bomber_jacket.jpg
White Sneakers 2,Shoes,Unisex,White,Casual,"Party, Date, University",Regular Fit,All Season,"Fair, Medium, Deep","Slim, Average, Athletic, Broad, Plus Size",Any,Leather,"White, casual, solid, minimal",images/shoes/white_sneakers.jpg
Olive Loafers 3,Shoes,Unisex,Olive,Smart Casual,Date,Regular Fit,All Season,"Medium, Deep","Slim, Average, Athletic, Broad, Plus Size",Any,Suede,"Olive, smart casual, solid, versatile, minimal",images/shoes/olive_loafers.jpg
Navy Dress Shirt 4,Top,Unisex,Navy,Business Casual,"Presentation, Interview, Business Meeting",Slim Fit,All Season,"Fair, Medium, Deep","Slim, Average, Athletic",Warm,Cotton,"Navy, business casual, solid, professional, minimal",images/top/navy_dress_shirt.jpg
Burgundy Oxford Shirt 5,Top,Unisex,Burgundy,Preppy,Office,Regular Fit,All Season,"Fair, Medium, Deep","Slim, Average, Athletic, Broad, Plus Size",Any,Cotton,"Burgundy, preppy, check",images/top/burgundy_oxford_shirt.jpg
Brown Oxford Shirt 6,Top,Unisex,Brown,Business Casual,"Office, Business Meeting",Regular Fit,All Season,"Medium, Deep","Slim, Average, Athletic, Broad, Plus Size",Warm,Cotton,"Brown, business casual, solid, professional, minimal",images/top/brown_oxford_shirt.jpg
Navy Jeans 7,Bottom,Unisex,Navy,Streetwear,"Travel, Casual Outing",Straight Fit,All Season,"Fair, Medium, Deep","Slim, Average, Broad, Plus Size",Any,Denim,"Navy, streetwear, solid, urban, minimal",images/bottom/navy_jeans.jpg
White Dress Trousers 8,Bottom,Unisex,White,Formal,Wedding,Slim Fit,All Season,"Fair, Medium, Deep","Slim, Average, Athletic",Mild,Polyester,"White, formal, solid, professional, minimal",images/bottom/white_dress_trousers.jpg
Cream Dress Trousers 9,Bottom,Unisex,Cream,Business Casual,Wedding,Regular Fit,All Season,"Medium, Deep","Slim, Average, Athletic, Broad, Plus Size",Mild,Polyester,"Cream, business casual, solid, professional, minimal",images/bottom/cream_dress_trousers.jpg
Olive Sandals 10,Shoes,Unisex,Olive,Casual,Beach,Regular Fit,Spring/Summer,"Medium, Deep","Slim, Average, Athletic, Broad, Plus Size",Hot,Rubber,"Olive, casual, solid, minimal",images/shoes/olive_sandals.jpg
Grey Dress Shirt 11,Top,Unisex,Grey,Formal,"Office, Interview, Wedding",Regular Fit,All Season,"Fair, Medium, Deep","Slim, Average, Athletic, Broad, Plus Size",Warm,Cotton,"Grey, formal, striped, professional",images/top/grey_dress_shirt.jpg
Olive Dress Shirt 12,Top,Unisex,Olive,Business Casual,Office,Slim Fit,All Season,"Medium, Deep","Slim, Average, Athletic",Any,Cotton,"Olive, business casual, striped, professional",images/top/olive_dress_shirt.jpg
Beige Boots 13,Shoes,Unisex,Beige,Streetwear,Party,Regular Fit,Autumn/Winter,"Medium, Deep","Slim, Average, Athletic, Broad, Plus Size",Cool,Suede,"Beige, streetwear, solid, urban, minimal",images/shoes/beige_boots.jpg
Black Boots 14,Shoes,Unisex,Black,Streetwear,"Casual Outing, Travel",Regular Fit,Autumn/Winter,"Fair, Medium, Deep","Slim, Average, Athletic, Broad, Plus Size",Cool,Suede,"Black, streetwear, solid, urban, minimal",images/shoes/black_boots.jpg
Navy Knit Sweater 15,Top,Unisex,Navy,Smart Casual,"University, Casual Outing, Date",Relaxed Fit,Autumn/Winter,"Fair, Medium, Deep","Slim, Average, Athletic, Broad, Plus Size",Cool,Wool,"Navy, smart casual, solid, versatile, minimal",images/top/navy_knit_sweater.jpg
Forest Green Denim Jacket 16,Outerwear,Unisex,Forest Green,Casual,"Party, University, Date",Regular Fit,All Season,"Fair, Medium, Deep","Slim, Average, Athletic, Broad, Plus Size",Mild,Denim,"Forest Green, casual, solid, minimal",images/outerwear/forest_green_denim_jacket.jpg
Navy Knit Sweater 17,Top,Unisex,Navy,Preppy,"Office, University, Travel",Regular Fit,Autumn/Winter,"Fair, Medium, Deep","Slim, Average, Athletic, Broad, Plus Size",Cool,Wool,"Navy, preppy, solid, minimal",images/top/navy_knit_sweater.jpg
Red Polo Shirt 18,Top,Unisex,Red,Smart Casual,"Travel, Party, Date",Slim Fit,All Season,"Medium, Deep","Slim, Average, Athletic",Hot,Pique,"Red, smart casual, solid, versatile, minimal",images/top/red_polo_shirt.jpg
Khaki Knit Sweater 19,Top,Unisex,Khaki,Preppy,"Date, Travel",Regular Fit,Autumn/Winter,"Medium, Deep","Slim, Average, Athletic, Broad, Plus Size",Mild,Wool,"Khaki, preppy, solid, minimal",images/top/khaki_knit_sweater.jpg
Light Blue Polo Shirt 20,Top,Unisex,Light Blue,Smart Casual,Travel,Regular Fit,Spring/Summer,"Fair, Medium, Deep","Slim, Average, Athletic, Broad, Plus Size",Hot,Pique,"Light Blue, smart casual, solid, versatile, minimal",images/top/light_blue_polo_shirt.jpg
Grey Loafers 21,Shoes,Unisex,Grey,Business Casual,"Presentation, Office",Regular Fit,All Season,"Fair, Medium, Deep","Slim, Average, Athletic, Broad, Plus Size",Any,Suede,"Grey, business casual, solid, professional, minimal",images/shoes/grey_loafers.jpg
Black Polo Shirt 22,Top,Unisex,Black,Smart Casual,Date,Slim Fit,All Season,"Fair, Medium, Deep","Slim, Average, Athletic",Warm,Cotton,"Black, smart casual, striped, versatile",images/top/black_polo_shirt.jpg
Beige Polo Shirt 23,Top,Unisex,Beige,Casual,"Party, Travel",Slim Fit,All Season,"Medium, Deep","Slim, Average, Athletic",Warm,Pique,"Beige, casual, striped",images/top/beige_polo_shirt.jpg
Grey Oxford Shoes 24,Shoes,Unisex,Grey,Formal,Interview,Regular Fit,All Season,"Fair, Medium, Deep","Slim, Average, Athletic, Broad, Plus Size",Any,Leather,"Grey, formal, solid, professional, minimal",images/shoes/grey_oxford_shoes.jpg
Khaki Blazer 25,Outerwear,Unisex,Khaki,Smart Casual,"Interview, Business Meeting, Presentation",Slim Fit,All Season,"Medium, Deep","Slim, Average, Athletic",Cool,Wool,"Khaki, smart casual, solid, versatile, minimal",images/outerwear/khaki_blazer.jpg
Brown Dress Shirt 26,Top,Unisex,Brown,Formal,"Office, Business Meeting, Presentation",Slim Fit,All Season,"Medium, Deep","Slim, Average, Athletic",Warm,Cotton,"Brown, formal, solid, professional, minimal",images/top/brown_dress_shirt.jpg
Grey Shorts 27,Bottom,Unisex,Grey,Casual,"Casual Outing, Beach, Travel",Relaxed Fit,Spring/Summer,"Fair, Medium, Deep","Slim, Average, Athletic, Broad, Plus Size",Hot,Linen,"Grey, casual, striped",images/bottom/grey_shorts.jpg
Cream Sandals 28,Shoes,Unisex,Cream,Casual,"Beach, Travel",Regular Fit,Spring/Summer,"Medium, Deep","Slim, Average, Athletic, Broad, Plus Size",Hot,Rubber,"Cream, casual, solid, minimal",images/shoes/cream_sandals.jpg
Burgundy Sandals 29,Shoes,Unisex,Burgundy,Casual,Casual Outing,Regular Fit,Spring/Summer,"Fair, Medium, Deep","Slim, Average, Athletic, Broad, Plus Size",Hot,Leather,"Burgundy, casual, solid, minimal",images/shoes/burgundy_sandals.jpg
Grey Sandals 30,Shoes,Unisex,Grey,Casual,"Travel, Casual Outing, Beach",Regular Fit,Spring/Summer,"Fair, Medium, Deep","Slim, Average, Athletic, Broad, Plus Size",Hot,Leather,"Grey, casual, solid, minimal",images/shoes/grey_sandals.jpg
Forest Green Oxford Shirt 31,Top,Unisex,Forest Green,Smart Casual,"Business Meeting, Presentation",Slim Fit,All Season,"Fair, Medium, Deep","Slim, Average, Athletic",Any,Cotton,"Forest Green, smart casual, check, versatile",images/top/forest_green_oxford_shirt.jpg
Forest Green Sandals 32,Shoes,Unisex,Forest Green,Casual,"Casual Outing, Beach, Travel",Regular Fit,Spring/Summer,"Fair, Medium, Deep","Slim, Average, Athletic, Broad, Plus Size",Hot,Leather,"Forest Green, casual, solid, minimal",images/shoes/forest_green_sandals.jpg
White Linen Shirt 33,Top,Unisex,White,Smart Casual,"Beach, Casual Outing, Date",Relaxed Fit,Spring/Summer,"Fair, Medium, Deep","Slim, Average, Athletic, Broad, Plus Size",Hot,Linen,"White, smart casual, solid, versatile, minimal",images/top/white_linen_shirt.jpg
Grey Sneakers 34,Shoes,Unisex,Grey,Casual,"Travel, Date, Party",Regular Fit,All Season,"Fair, Medium, Deep","Slim, Average, Athletic, Broad, Plus Size",Any,Leather,"Grey, casual, solid, minimal",images/shoes/grey_sneakers.jpg
Olive Knit Sweater 35,Top,Unisex,Olive,Smart Casual,Date,Regular Fit,Autumn/Winter,"Medium, Deep","Slim, Average, Athletic, Broad, Plus Size",Mild,Cotton,"Olive, smart casual, solid, versatile, minimal",images/top/olive_knit_sweater.jpg
Burgundy Cargo Pants 36,Bottom,Unisex,Burgundy,Casual,"University, Casual Outing",Regular Fit,All Season,"Fair, Medium, Deep","Slim, Average, Athletic, Broad, Plus Size",Any,Cotton,"Burgundy, casual, solid, minimal",images/bottom/burgundy_cargo_pants.jpg
Mustard Cargo Pants 37,Bottom,Unisex,Mustard,Streetwear,University,Regular Fit,All Season,"Medium, Deep","Slim, Average, Athletic, Broad, Plus Size",Any,Cotton,"Mustard, streetwear, solid, urban, minimal",images/bottom/mustard_cargo_pants.jpg
Forest Green Denim Jacket 38,Outerwear,Unisex,Forest Green,Streetwear,"University, Party",Relaxed Fit,Autumn/Winter,"Fair, Medium, Deep","Slim, Average, Athletic, Broad, Plus Size",Mild,Denim,"Forest Green, streetwear, solid, urban, minimal",images/outerwear/forest_green_denim_jacket.jpg
Cream T-Shirt 39,Top,Unisex,Cream,Streetwear,Travel,Relaxed Fit,All Season,"Medium, Deep","Slim, Average, Athletic, Broad, Plus Size",Warm,Cotton,"Cream, streetwear, striped, urban",images/top/cream_t-shirt.jpg
Burgundy Boots 40,Shoes,Unisex,Burgundy,Streetwear,"Casual Outing, Party, Date",Regular Fit,All Season,"Fair, Medium, Deep","Slim, Average, Athletic, Broad, Plus Size",Any,Suede,"Burgundy, streetwear, solid, urban, minimal",images/shoes/burgundy_boots.jpg
Beige Shorts 41,Bottom,Unisex,Beige,Casual,"Casual Outing, Travel",Relaxed Fit,Spring/Summer,"Medium, Deep","Slim, Average, Athletic, Broad, Plus Size",Hot,Cotton,"Beige, casual, solid, minimal",images/bottom/beige_shorts.jpg
Lavender Loafers 42,Shoes,Unisex,Lavender,Business Casual,"Party, Presentation, Date",Regular Fit,All Season,"Fair, Medium","Slim, Average, Athletic, Broad, Plus Size",Any,Suede,"Lavender, business casual, solid, professional, minimal",images/shoes/lavender_loafers.jpg
Brown Oxford Shirt 43,Top,Unisex,Brown,Preppy,Business Meeting,Regular Fit,All Season,"Medium, Deep","Slim, Average, Athletic, Broad, Plus Size",Any,Cotton,"Brown, preppy, solid, minimal",images/top/brown_oxford_shirt.jpg
Navy Oxford Shoes 44,Shoes,Unisex,Navy,Business Casual,Business Meeting,Regular Fit,All Season,"Fair, Medium, Deep","Slim, Average, Athletic, Broad, Plus Size",Any,Leather,"Navy, business casual, solid, professional, minimal",images/shoes/navy_oxford_shoes.jpg
Black Bomber Jacket 45,Outerwear,Unisex,Black,Casual,"Casual Outing, University, Date",Oversized,Autumn/Winter,"Fair, Medium, Deep","Slim, Average, Broad, Plus Size",Mild,Nylon,"Black, casual, solid, minimal",images/outerwear/black_bomber_jacket.jpg
Lavender Linen Shirt 46,Top,Unisex,Lavender,Smart Casual,"Casual Outing, Travel",Relaxed Fit,Spring/Summer,"Fair, Medium","Slim, Average, Athletic, Broad, Plus Size",Hot,Linen,"Lavender, smart casual, striped, versatile",images/top/lavender_linen_shirt.jpg
Olive Bomber Jacket 47,Outerwear,Unisex,Olive,Streetwear,Travel,Regular Fit,All Season,"Medium, Deep","Slim, Average, Athletic, Broad, Plus Size",Cool,Cotton,"Olive, streetwear, solid, urban, minimal",images/outerwear/olive_bomber_jacket.jpg
Red Dress Trousers 48,Bottom,Unisex,Red,Formal,"Business Meeting, Interview, Wedding",Slim Fit,All Season,"Medium, Deep","Slim, Average, Athletic",Mild,Wool,"Red, formal, solid, professional, minimal",images/bottom/red_dress_trousers.jpg
Red Sneakers 49,Shoes,Unisex,Red,Minimalist,"Party, University",Regular Fit,All Season,"Medium, Deep","Slim, Average, Athletic, Broad, Plus Size",Any,Canvas,"Red, minimalist, solid, minimal",images/shoes/red_sneakers.jpg
Mustard Blazer 50,Outerwear,Unisex,Mustard,Business Casual,"Date, Wedding, Business Meeting",Slim Fit,All Season,"Medium, Deep","Slim, Average, Athletic",Mild,Cotton,"Mustard, business casual, check, professional",images/outerwear/mustard_blazer.jpg
Brown Oxford Shoes 51,Shoes,Unisex,Brown,Business Casual,"Presentation, Business Meeting, Wedding",Regular Fit,All Season,"Medium, Deep","Slim, Average, Athletic, Broad, Plus Size",Any,Leather,"Brown, business casual, solid, professional, minimal",images/shoes/brown_oxford_shoes.jpg
Black Linen Shirt 52,Top,Unisex,Black,Smart Casual,Beach,Regular Fit,Spring/Summer,"Fair, Medium, Deep","Slim, Average, Athletic, Broad, Plus Size",Hot,Linen,"Black, smart casual, striped, versatile",images/top/black_linen_shirt.jpg
Mustard Jeans 53,Bottom,Unisex,Mustard,Smart Casual,"Date, Travel",Slim Fit,All Season,"Medium, Deep","Slim, Average, Athletic",Any,Denim,"Mustard, smart casual, solid, versatile, minimal",images/bottom/mustard_jeans.jpg
Khaki Oxford Shirt 54,Top,Unisex,Khaki,Business Casual,Interview,Slim Fit,All Season,"Medium, Deep","Slim, Average, Athletic",Any,Cotton,"Khaki, business casual, check, professional",images/top/khaki_oxford_shirt.jpg
Cream Knit Sweater 55,Top,Unisex,Cream,Smart Casual,"University, Date, Casual Outing",Regular Fit,Autumn/Winter,"Medium, Deep","Slim, Average, Athletic, Broad, Plus Size",Mild,Wool,"Cream, smart casual, solid, versatile, minimal",images/top/cream_knit_sweater.jpg
Pink Jeans 56,Bottom,Unisex,Pink,Casual,"University, Travel, Date",Straight Fit,All Season,"Fair, Medium","Slim, Average, Broad, Plus Size",Any,Denim,"Pink, casual, solid, minimal",images/bottom/pink_jeans.jpg
Mustard Shorts 57,Bottom,Unisex,Mustard,Casual,"Beach, Travel, Casual Outing",Regular Fit,Spring/Summer,"Medium, Deep","Slim, Average, Athletic, Broad, Plus Size",Hot,Cotton,"Mustard, casual, solid, minimal",images/bottom/mustard_shorts.jpg
Navy Cargo Pants 58,Bottom,Unisex,Navy,Streetwear,"Party, Travel",Regular Fit,All Season,"Fair, Medium, Deep","Slim, Average, Athletic, Broad, Plus Size",Any,Cotton,"Navy, streetwear, solid, urban, minimal",images/bottom/navy_cargo_pants.jpg
Forest Green Linen Shirt 59,Top,Unisex,Forest Green,Casual,"Travel, Beach",Relaxed Fit,Spring/Summer,"Fair, Medium, Deep","Slim, Average, Athletic, Broad, Plus Size",Warm,Linen,"Forest Green, casual, striped",images/top/forest_green_linen_shirt.jpg
Lavender Jeans 60,Bottom,Unisex,Lavender,Casual,"Casual Outing, Date",Regular Fit,All Season,"Fair, Medium","Slim, Average, Athletic, Broad, Plus Size",Any,Denim,"Lavender, casual, solid, minimal",images/bottom/lavender_jeans.jpg
Pink Hoodie 61,Top,Unisex,Pink,Streetwear,Casual Outing,Oversized,All Season,"Fair, Medium","Slim, Average, Broad, Plus Size",Cool,Fleece,"Pink, streetwear, solid, urban, minimal",images/top/pink_hoodie.jpg
Khaki Sneakers 62,Shoes,Unisex,Khaki,Minimalist,Travel,Regular Fit,All Season,"Medium, Deep","Slim, Average, Athletic, Broad, Plus Size",Any,Canvas,"Khaki, minimalist, solid, minimal",images/shoes/khaki_sneakers.jpg
Mustard Knit Sweater 63,Top,Unisex,Mustard,Minimalist,"Travel, Casual Outing",Regular Fit,Autumn/Winter,"Medium, Deep","Slim, Average, Athletic, Broad, Plus Size",Mild,Cotton,"Mustard, minimalist, solid, minimal",images/top/mustard_knit_sweater.jpg
Lavender Cargo Pants 64,Bottom,Unisex,Lavender,Streetwear,"University, Travel",Relaxed Fit,All Season,"Fair, Medium","Slim, Average, Athletic, Broad, Plus Size",Any,Cotton,"Lavender, streetwear, solid, urban, minimal",images/bottom/lavender_cargo_pants.jpg
Beige Sandals 65,Shoes,Unisex,Beige,Casual,Travel,Regular Fit,Spring/Summer,"Medium, Deep","Slim, Average, Athletic, Broad, Plus Size",Hot,Rubber,"Beige, casual, solid, minimal",images/shoes/beige_sandals.jpg
Pink Knit Sweater 66,Top,Unisex,Pink,Smart Casual,Travel,Relaxed Fit,Autumn/Winter,"Fair, Medium","Slim, Average, Athletic, Broad, Plus Size",Mild,Wool,"Pink, smart casual, solid, versatile, minimal",images/top/pink_knit_sweater.jpg
Grey Chinos 67,Bottom,Unisex,Grey,Preppy,"Date, Presentation",Regular Fit,All Season,"Fair, Medium, Deep","Slim, Average, Athletic, Broad, Plus Size",Warm,Cotton,"Grey, preppy, solid, minimal",images/bottom/grey_chinos.jpg
White Henley 68,Top,Unisex,White,Smart Casual,Casual Outing,Regular Fit,All Season,"Fair, Medium, Deep","Slim, Average, Athletic, Broad, Plus Size",Mild,Cotton,"White, smart casual, solid, versatile, minimal",images/top/white_henley.jpg
Grey Linen Shirt 69,Top,Unisex,Grey,Smart Casual,"Date, Party, Travel",Regular Fit,Spring/Summer,"Fair, Medium, Deep","Slim, Average, Athletic, Broad, Plus Size",Warm,Linen,"Grey, smart casual, solid, versatile, minimal",images/top/grey_linen_shirt.jpg
Forest Green Chinos 70,Bottom,Unisex,Forest Green,Smart Casual,"Casual Outing, Office",Straight Fit,All Season,"Fair, Medium, Deep","Slim, Average, Broad, Plus Size",Any,Cotton,"Forest Green, smart casual, solid, versatile, minimal",images/bottom/forest_green_chinos.jpg
Brown Henley 71,Top,Unisex,Brown,Casual,"Date, University, Casual Outing",Slim Fit,All Season,"Medium, Deep","Slim, Average, Athletic",Mild,Cotton,"Brown, casual, solid, minimal",images/top/brown_henley.jpg
Burgundy Knit Sweater 72,Top,Unisex,Burgundy,Minimalist,"Travel, University, Date",Relaxed Fit,Autumn/Winter,"Fair, Medium, Deep","Slim, Average, Athletic, Broad, Plus Size",Cool,Cotton,"Burgundy, minimalist, solid, minimal",images/top/burgundy_knit_sweater.jpg
Brown Dress Shirt 73,Top,Unisex,Brown,Formal,"Wedding, Office",Regular Fit,All Season,"Medium, Deep","Slim, Average, Athletic, Broad, Plus Size",Any,Cotton,"Brown, formal, solid, professional, minimal",images/top/brown_dress_shirt.jpg
Light Blue Loafers 74,Shoes,Unisex,Light Blue,Business Casual,Presentation,Regular Fit,All Season,"Fair, Medium, Deep","Slim, Average, Athletic, Broad, Plus Size",Any,Suede,"Light Blue, business casual, solid, professional, minimal",images/shoes/light_blue_loafers.jpg
Forest Green Polo Shirt 75,Top,Unisex,Forest Green,Preppy,"Travel, Party, Office",Regular Fit,Spring/Summer,"Fair, Medium, Deep","Slim, Average, Athletic, Broad, Plus Size",Hot,Pique,"Forest Green, preppy, solid, minimal",images/top/forest_green_polo_shirt.jpg
White Jeans 76,Bottom,Unisex,White,Casual,"Date, University, Casual Outing",Regular Fit,All Season,"Fair, Medium, Deep","Slim, Average, Athletic, Broad, Plus Size",Any,Denim,"White, casual, solid, minimal",images/bottom/white_jeans.jpg
Forest Green Cargo Pants 77,Bottom,Unisex,Forest Green,Streetwear,"Party, Casual Outing, Travel",Relaxed Fit,All Season,"Fair, Medium, Deep","Slim, Average, Athletic, Broad, Plus Size",Any,Cotton,"Forest Green, streetwear, solid, urban, minimal",images/bottom/forest_green_cargo_pants.jpg
White Sandals 78,Shoes,Unisex,White,Casual,"Casual Outing, Beach",Regular Fit,Spring/Summer,"Fair, Medium, Deep","Slim, Average, Athletic, Broad, Plus Size",Hot,Rubber,"White, casual, solid, minimal",images/shoes/white_sandals.jpg
Lavender Sandals 79,Shoes,Unisex,Lavender,Casual,Beach,Regular Fit,Spring/Summer,"Fair, Medium","Slim, Average, Athletic, Broad, Plus Size",Hot,Leather,"Lavender, casual, solid, minimal",images/shoes/lavender_sandals.jpg
Grey Jeans 80,Bottom,Unisex,Grey,Smart Casual,"Casual Outing, Travel, Date",Regular Fit,All Season,"Fair, Medium, Deep","Slim, Average, Athletic, Broad, Plus Size",Any,Denim,"Grey, smart casual, solid, versatile, minimal",images/bottom/grey_jeans.jpg
Forest Green T-Shirt 81,Top,Unisex,Forest Green,Casual,Party,Regular Fit,All Season,"Fair, Medium, Deep","Slim, Average, Athletic, Broad, Plus Size",Hot,Cotton,"Forest Green, casual, striped",images/top/forest_green_t-shirt.jpg
Olive Chinos 82,Bottom,Unisex,Olive,Smart Casual,"Business Meeting, University",Regular Fit,All Season,"Medium, Deep","Slim, Average, Athletic, Broad, Plus Size",Warm,Cotton,"Olive, smart casual, solid, versatile, minimal",images/bottom/olive_chinos.jpg
Grey Boots 83,Shoes,Unisex,Grey,Casual,University,Regular Fit,All Season,"Fair, Medium, Deep","Slim, Average, Athletic, Broad, Plus Size",Any,Suede,"Grey, casual, solid, minimal",images/shoes/grey_boots.jpg
Khaki Chinos 84,Bottom,Unisex,Khaki,Business Casual,"Presentation, Business Meeting",Regular Fit,All Season,"Medium, Deep","Slim, Average, Athletic, Broad, Plus Size",Warm,Cotton,"Khaki, business casual, solid, professional, minimal",images/bottom/khaki_chinos.jpg
Mustard Knit Sweater 85,Top,Unisex,Mustard,Smart Casual,"University, Date",Relaxed Fit,Autumn/Winter,"Medium, Deep","Slim, Average, Athletic, Broad, Plus Size",Mild,Wool,"Mustard, smart casual, solid, versatile, minimal",images/top/mustard_knit_sweater.jpg
Grey Polo Shirt 86,Top,Unisex,Grey,Preppy,Party,Regular Fit,All Season,"Fair, Medium, Deep","Slim, Average, Athletic, Broad, Plus Size",Hot,Cotton,"Grey, preppy, striped",images/top/grey_polo_shirt.jpg
Forest Green Linen Shirt 87,Top,Unisex,Forest Green,Casual,"Beach, Casual Outing, Date",Regular Fit,Spring/Summer,"Fair, Medium, Deep","Slim, Average, Athletic, Broad, Plus Size",Warm,Linen,"Forest Green, casual, striped",images/top/forest_green_linen_shirt.jpg
Mustard Sandals 88,Shoes,Unisex,Mustard,Casual,Casual Outing,Regular Fit,Spring/Summer,"Medium, Deep","Slim, Average, Athletic, Broad, Plus Size",Hot,Leather,"Mustard, casual, solid, minimal",images/shoes/mustard_sandals.jpg
Forest Green Oxford Shirt 89,Top,Unisex,Forest Green,Business Casual,Office,Slim Fit,All Season,"Fair, Medium, Deep","Slim, Average, Athletic",Warm,Cotton,"Forest Green, business casual, solid, professional, minimal",images/top/forest_green_oxford_shirt.jpg
Burgundy Polo Shirt 90,Top,Unisex,Burgundy,Casual,"Party, University, Travel",Regular Fit,Spring/Summer,"Fair, Medium, Deep","Slim, Average, Athletic, Broad, Plus Size",Hot,Pique,"Burgundy, casual, striped",images/top/burgundy_polo_shirt.jpg
Navy Henley 91,Top,Unisex,Navy,Smart Casual,"Travel, University, Date",Slim Fit,All Season,"Fair, Medium, Deep","Slim, Average, Athletic",Warm,Cotton,"Navy, smart casual, solid, versatile, minimal",images/top/navy_henley.jpg
Lavender T-Shirt 92,Top,Unisex,Lavender,Streetwear,"Travel, Party, Date",Oversized,Spring/Summer,"Fair, Medium","Slim, Average, Broad, Plus Size",Warm,Cotton,"Lavender, streetwear, graphic, urban",images/top/lavender_t-shirt.jpg
Lavender Jeans 93,Bottom,Unisex,Lavender,Smart Casual,"Party, Travel",Slim Fit,All Season,"Fair, Medium","Slim, Average, Athletic",Any,Denim,"Lavender, smart casual, solid, versatile, minimal",images/bottom/lavender_jeans.jpg
Burgundy Blazer 94,Outerwear,Unisex,Burgundy,Smart Casual,"Date, Interview, Presentation",Regular Fit,All Season,"Fair, Medium, Deep","Slim, Average, Athletic, Broad, Plus Size",Mild,Wool,"Burgundy, smart casual, solid, versatile, minimal",images/outerwear/burgundy_blazer.jpg
Brown Chinos 95,Bottom,Unisex,Brown,Preppy,"Office, Casual Outing, Presentation",Regular Fit,All Season,"Medium, Deep","Slim, Average, Athletic, Broad, Plus Size",Warm,Cotton,"Brown, preppy, solid, minimal",images/bottom/brown_chinos.jpg
White Loafers 96,Shoes,Unisex,White,Preppy,"Wedding, Business Meeting, Presentation",Regular Fit,All Season,"Fair, Medium, Deep","Slim, Average, Athletic, Broad, Plus Size",Any,Leather,"White, preppy, solid, minimal",images/shoes/white_loafers.jpg
Pink Linen Shirt 97,Top,Unisex,Pink,Smart Casual,Date,Regular Fit,Spring/Summer,"Fair, Medium","Slim, Average, Athletic, Broad, Plus Size",Warm,Linen,"Pink, smart casual, striped, versatile",images/top/pink_linen_shirt.jpg
Grey Oxford Shirt 98,Top,Unisex,Grey,Business Casual,"Date, Interview",Regular Fit,All Season,"Fair, Medium, Deep","Slim, Average, Athletic, Broad, Plus Size",Warm,Cotton,"Grey, business casual, solid, professional, minimal",images/top/grey_oxford_shirt.jpg
Pink Loafers 99,Shoes,Unisex,Pink,Preppy,"Office, Presentation",Regular Fit,All Season,"Fair, Medium","Slim, Average, Athletic, Broad, Plus Size",Any,Suede,"Pink, preppy, solid, minimal",images/shoes/pink_loafers.jpg
Red Sandals 100,Shoes,Unisex,Red,Casual,Beach,Regular Fit,Spring/Summer,"Medium, Deep","Slim, Average, Athletic, Broad, Plus Size",Hot,Rubber,"Red, casual, solid, minimal",images/shoes/red_sandals.jpg
Burgundy Polo Shirt 101,Top,Unisex,Burgundy,Casual,"Date, Casual Outing",Slim Fit,Spring/Summer,"Fair, Medium, Deep","Slim, Average, Athletic",Any,Cotton,"Burgundy, casual, solid, minimal",images/top/burgundy_polo_shirt.jpg
Forest Green Sandals 102,Shoes,Unisex,Forest Green,Casual,Casual Outing,Regular Fit,Spring/Summer,"Fair, Medium, Deep","Slim, Average, Athletic, Broad, Plus Size",Hot,Leather,"Forest Green, casual, solid, minimal",images/shoes/forest_green_sandals.jpg
Cream Cargo Pants 103,Bottom,Unisex,Cream,Streetwear,"Travel, University, Casual Outing",Relaxed Fit,All Season,"Medium, Deep","Slim, Average, Athletic, Broad, Plus Size",Any,Cotton,"Cream, streetwear, solid, urban, minimal",images/bottom/cream_cargo_pants.jpg
Cream Jeans 104,Bottom,Unisex,Cream,Casual,"Casual Outing, Party",Regular Fit,All Season,"Medium, Deep","Slim, Average, Athletic, Broad, Plus Size",Any,Denim,"Cream, casual, solid, minimal",images/bottom/cream_jeans.jpg
Cream Blazer 105,Outerwear,Unisex,Cream,Formal,"Interview, Office, Business Meeting",Slim Fit,All Season,"Medium, Deep","Slim, Average, Athletic",Mild,Wool,"Cream, formal, solid, professional, minimal",images/outerwear/cream_blazer.jpg
Olive Linen Shirt 106,Top,Unisex,Olive,Casual,Party,Regular Fit,Spring/Summer,"Medium, Deep","Slim, Average, Athletic, Broad, Plus Size",Hot,Linen,"Olive, casual, striped",images/top/olive_linen_shirt.jpg
Black Dress Trousers 107,Bottom,Unisex,Black,Formal,"Interview, Presentation, Business Meeting",Regular Fit,All Season,"Fair, Medium, Deep","Slim, Average, Athletic, Broad, Plus Size",Mild,Wool,"Black, formal, solid, professional, minimal",images/bottom/black_dress_trousers.jpg
Light Blue Cargo Pants 108,Bottom,Unisex,Light Blue,Streetwear,Party,Regular Fit,All Season,"Fair, Medium, Deep","Slim, Average, Athletic, Broad, Plus Size",Any,Cotton,"Light Blue, streetwear, solid, urban, minimal",images/bottom/light_blue_cargo_pants.jpg
Forest Green Shorts 109,Bottom,Unisex,Forest Green,Casual,"Beach, Casual Outing, Travel",Relaxed Fit,Spring/Summer,"Fair, Medium, Deep","Slim, Average, Athletic, Broad, Plus Size",Hot,Linen,"Forest Green, casual, striped",images/bottom/forest_green_shorts.jpg
Red Jeans 110,Bottom,Unisex,Red,Smart Casual,"University, Casual Outing, Date",Straight Fit,All Season,"Medium, Deep","Slim, Average, Broad, Plus Size",Any,Denim,"Red, smart casual, solid, versatile, minimal",images/bottom/red_jeans.jpg
Brown Loafers 111,Shoes,Unisex,Brown,Business Casual,"Wedding, Date",Regular Fit,All Season,"Medium, Deep","Slim, Average, Athletic, Broad, Plus Size",Any,Suede,"Brown, business casual, solid, professional, minimal",images/shoes/brown_loafers.jpg
Pink Jeans 112,Bottom,Unisex,Pink,Casual,Date,Straight Fit,All Season,"Fair, Medium","Slim, Average, Broad, Plus Size",Any,Denim,"Pink, casual, solid, minimal",images/bottom/pink_jeans.jpg
Pink Dress Shirt 113,Top,Unisex,Pink,Formal,"Presentation, Interview, Business Meeting",Slim Fit,All Season,"Fair, Medium","Slim, Average, Athletic",Warm,Cotton,"Pink, formal, striped, professional",images/top/pink_dress_shirt.jpg
Burgundy Denim Jacket 114,Outerwear,Unisex,Burgundy,Streetwear,Travel,Regular Fit,Autumn/Winter,"Fair, Medium, Deep","Slim, Average, Athletic, Broad, Plus Size",Mild,Denim,"Burgundy, streetwear, solid, urban, minimal",images/outerwear/burgundy_denim_jacket.jpg
Pink Sandals 115,Shoes,Unisex,Pink,Casual,Beach,Regular Fit,Spring/Summer,"Fair, Medium","Slim, Average, Athletic, Broad, Plus Size",Hot,Leather,"Pink, casual, solid, minimal",images/shoes/pink_sandals.jpg
Burgundy Jeans 116,Bottom,Unisex,Burgundy,Smart Casual,Casual Outing,Regular Fit,All Season,"Fair, Medium, Deep","Slim, Average, Athletic, Broad, Plus Size",Any,Denim,"Burgundy, smart casual, solid, versatile, minimal",images/bottom/burgundy_jeans.jpg
Black Bomber Jacket 117,Outerwear,Unisex,Black,Casual,Travel,Regular Fit,All Season,"Fair, Medium, Deep","Slim, Average, Athletic, Broad, Plus Size",Mild,Cotton,"Black, casual, solid, minimal",images/outerwear/black_bomber_jacket.jpg
Red Chinos 118,Bottom,Unisex,Red,Preppy,"Office, Casual Outing, Presentation",Straight Fit,All Season,"Medium, Deep","Slim, Average, Broad, Plus Size",Any,Cotton,"Red, preppy, solid, minimal",images/bottom/red_chinos.jpg
Forest Green Loafers 119,Shoes,Unisex,Forest Green,Business Casual,"Wedding, Office",Regular Fit,All Season,"Fair, Medium, Deep","Slim, Average, Athletic, Broad, Plus Size",Any,Suede,"Forest Green, business casual, solid, professional, minimal",images/shoes/forest_green_loafers.jpg
Khaki Chinos 120,Bottom,Unisex,Khaki,Preppy,"Office, Casual Outing, Business Meeting",Straight Fit,All Season,"Medium, Deep","Slim, Average, Broad, Plus Size",Any,Cotton,"Khaki, preppy, solid, minimal",images/bottom/khaki_chinos.jpg
Cream Chinos 121,Bottom,Unisex,Cream,Business Casual,"Casual Outing, Date",Regular Fit,All Season,"Medium, Deep","Slim, Average, Athletic, Broad, Plus Size",Any,Cotton,"Cream, business casual, solid, professional, minimal",images/bottom/cream_chinos.jpg
Grey Henley 122,Top,Unisex,Grey,Smart Casual,"Casual Outing, University",Slim Fit,All Season,"Fair, Medium, Deep","Slim, Average, Athletic",Mild,Cotton,"Grey, smart casual, solid, versatile, minimal",images/top/grey_henley.jpg
Red Oxford Shirt 123,Top,Unisex,Red,Preppy,"Interview, Office",Regular Fit,All Season,"Medium, Deep","Slim, Average, Athletic, Broad, Plus Size",Warm,Cotton,"Red, preppy, solid, minimal",images/top/red_oxford_shirt.jpg
Lavender Henley 124,Top,Unisex,Lavender,Smart Casual,"Date, Travel, Casual Outing",Slim Fit,All Season,"Fair, Medium","Slim, Average, Athletic",Warm,Cotton,"Lavender, smart casual, solid, versatile, minimal",images/top/lavender_henley.jpg
Burgundy Shorts 125,Bottom,Unisex,Burgundy,Casual,"Casual Outing, Beach, Travel",Regular Fit,Spring/Summer,"Fair, Medium, Deep","Slim, Average, Athletic, Broad, Plus Size",Hot,Linen,"Burgundy, casual, solid, minimal",images/bottom/burgundy_shorts.jpg
Grey Cargo Pants 126,Bottom,Unisex,Grey,Casual,"Casual Outing, Travel, University",Regular Fit,All Season,"Fair, Medium, Deep","Slim, Average, Athletic, Broad, Plus Size",Any,Cotton,"Grey, casual, solid, minimal",images/bottom/grey_cargo_pants.jpg
Khaki Henley 127,Top,Unisex,Khaki,Smart Casual,Date,Regular Fit,All Season,"Medium, Deep","Slim, Average, Athletic, Broad, Plus Size",Warm,Cotton,"Khaki, smart casual, solid, versatile, minimal",images/top/khaki_henley.jpg
Burgundy Loafers 128,Shoes,Unisex,Burgundy,Business Casual,"Office, Party",Regular Fit,All Season,"Fair, Medium, Deep","Slim, Average, Athletic, Broad, Plus Size",Any,Suede,"Burgundy, business casual, solid, professional, minimal",images/shoes/burgundy_loafers.jpg
Burgundy Cargo Pants 129,Bottom,Unisex,Burgundy,Casual,"Casual Outing, Party, Travel",Regular Fit,All Season,"Fair, Medium, Deep","Slim, Average, Athletic, Broad, Plus Size",Any,Cotton,"Burgundy, casual, solid, minimal",images/bottom/burgundy_cargo_pants.jpg
Grey Boots 130,Shoes,Unisex,Grey,Casual,"Casual Outing, Travel, Date",Regular Fit,All Season,"Fair, Medium, Deep","Slim, Average, Athletic, Broad, Plus Size",Any,Leather,"Grey, casual, solid, minimal",images/shoes/grey_boots.jpg
Lavender Loafers 131,Shoes,Unisex,Lavender,Preppy,"Date, Presentation",Regular Fit,All Season,"Fair, Medium","Slim, Average, Athletic, Broad, Plus Size",Any,Suede,"Lavender, preppy, solid, minimal",images/shoes/lavender_loafers.jpg
Red Polo Shirt 132,Top,Unisex,Red,Smart Casual,"Party, Travel, University",Regular Fit,All Season,"Medium, Deep","Slim, Average, Athletic, Broad, Plus Size",Warm,Cotton,"Red, smart casual, striped, versatile",images/top/red_polo_shirt.jpg
Navy Dress Trousers 133,Bottom,Unisex,Navy,Formal,"Wedding, Presentation",Regular Fit,All Season,"Fair, Medium, Deep","Slim, Average, Athletic, Broad, Plus Size",Any,Polyester,"Navy, formal, solid, professional, minimal",images/bottom/navy_dress_trousers.jpg
Red Bomber Jacket 134,Outerwear,Unisex,Red,Casual,"Casual Outing, Date",Regular Fit,All Season,"Medium, Deep","Slim, Average, Athletic, Broad, Plus Size",Cool,Cotton,"Red, casual, solid, minimal",images/outerwear/red_bomber_jacket.jpg
Khaki Dress Trousers 135,Bottom,Unisex,Khaki,Formal,Wedding,Slim Fit,All Season,"Medium, Deep","Slim, Average, Athletic",Any,Wool,"Khaki, formal, pinstripe, professional",images/bottom/khaki_dress_trousers.jpg
White Sandals 136,Shoes,Unisex,White,Casual,"Casual Outing, Beach, Travel",Regular Fit,Spring/Summer,"Fair, Medium, Deep","Slim, Average, Athletic, Broad, Plus Size",Hot,Rubber,"White, casual, solid, minimal",images/shoes/white_sandals.jpg
Forest Green Polo Shirt 137,Top,Unisex,Forest Green,Casual,Travel,Slim Fit,All Season,"Fair, Medium, Deep","Slim, Average, Athletic",Any,Pique,"Forest Green, casual, striped",images/top/forest_green_polo_shirt.jpg
Burgundy Knit Sweater 138,Top,Unisex,Burgundy,Preppy,"Travel, Date",Regular Fit,Autumn/Winter,"Fair, Medium, Deep","Slim, Average, Athletic, Broad, Plus Size",Mild,Cotton,"Burgundy, preppy, solid, minimal",images/top/burgundy_knit_sweater.jpg
Cream Henley 139,Top,Unisex,Cream,Casual,"Casual Outing, University, Date",Regular Fit,All Season,"Medium, Deep","Slim, Average, Athletic, Broad, Plus Size",Mild,Cotton,"Cream, casual, solid, minimal",images/top/cream_henley.jpg
Olive Henley 140,Top,Unisex,Olive,Smart Casual,"Casual Outing, University",Slim Fit,All Season,"Medium, Deep","Slim, Average, Athletic",Warm,Cotton,"Olive, smart casual, solid, versatile, minimal",images/top/olive_henley.jpg
Mustard Polo Shirt 141,Top,Unisex,Mustard,Preppy,Office,Regular Fit,All Season,"Medium, Deep","Slim, Average, Athletic, Broad, Plus Size",Hot,Cotton,"Mustard, preppy, striped",images/top/mustard_polo_shirt.jpg
Light Blue Dress Trousers 142,Bottom,Unisex,Light Blue,Business Casual,"Business Meeting, Presentation, Wedding",Slim Fit,All Season,"Fair, Medium, Deep","Slim, Average, Athletic",Mild,Wool,"Light Blue, business casual, pinstripe, professional",images/bottom/light_blue_dress_trousers.jpg
Black Denim Jacket 143,Outerwear,Unisex,Black,Casual,Travel,Regular Fit,Autumn/Winter,"Fair, Medium, Deep","Slim, Average, Athletic, Broad, Plus Size",Cool,Denim,"Black, casual, solid, minimal",images/outerwear/black_denim_jacket.jpg
Burgundy Knit Sweater 144,Top,Unisex,Burgundy,Smart Casual,Date,Regular Fit,Autumn/Winter,"Fair, Medium, Deep","Slim, Average, Athletic, Broad, Plus Size",Mild,Wool,"Burgundy, smart casual, solid, versatile, minimal",images/top/burgundy_knit_sweater.jpg
Black Denim Jacket 145,Outerwear,Unisex,Black,Casual,Date,Regular Fit,All Season,"Fair, Medium, Deep","Slim, Average, Athletic, Broad, Plus Size",Cool,Denim,"Black, casual, solid, minimal",images/outerwear/black_denim_jacket.jpg
Beige Sneakers 146,Shoes,Unisex,Beige,Minimalist,"University, Date",Regular Fit,All Season,"Medium, Deep","Slim, Average, Athletic, Broad, Plus Size",Any,Canvas,"Beige, minimalist, solid, minimal",images/shoes/beige_sneakers.jpg
Olive Cargo Pants 147,Bottom,Unisex,Olive,Casual,"Travel, University, Party",Relaxed Fit,All Season,"Medium, Deep","Slim, Average, Athletic, Broad, Plus Size",Any,Cotton,"Olive, casual, solid, minimal",images/bottom/olive_cargo_pants.jpg
Red Cargo Pants 148,Bottom,Unisex,Red,Casual,"Party, University, Casual Outing",Relaxed Fit,All Season,"Medium, Deep","Slim, Average, Athletic, Broad, Plus Size",Any,Cotton,"Red, casual, solid, minimal",images/bottom/red_cargo_pants.jpg
White Hoodie 149,Top,Unisex,White,Casual,"University, Travel",Relaxed Fit,All Season,"Fair, Medium, Deep","Slim, Average, Athletic, Broad, Plus Size",Mild,Fleece,"White, casual, graphic",images/top/white_hoodie.jpg
Burgundy Hoodie 150,Top,Unisex,Burgundy,Streetwear,"Party, Travel",Relaxed Fit,All Season,"Fair, Medium, Deep","Slim, Average, Athletic, Broad, Plus Size",Cool,Fleece,"Burgundy, streetwear, graphic, urban",images/top/burgundy_hoodie.jpg
Mustard Loafers 151,Shoes,Unisex,Mustard,Business Casual,Party,Regular Fit,All Season,"Medium, Deep","Slim, Average, Athletic, Broad, Plus Size",Any,Suede,"Mustard, business casual, solid, professional, minimal",images/shoes/mustard_loafers.jpg
Navy Sneakers 152,Shoes,Unisex,Navy,Streetwear,"Travel, Party",Regular Fit,All Season,"Fair, Medium, Deep","Slim, Average, Athletic, Broad, Plus Size",Any,Canvas,"Navy, streetwear, solid, urban, minimal",images/shoes/navy_sneakers.jpg
Forest Green Loafers 153,Shoes,Unisex,Forest Green,Smart Casual,"Wedding, Date, Office",Regular Fit,All Season,"Fair, Medium, Deep","Slim, Average, Athletic, Broad, Plus Size",Any,Suede,"Forest Green, smart casual, solid, versatile, minimal",images/shoes/forest_green_loafers.jpg
Mustard Oxford Shirt 154,Top,Unisex,Mustard,Smart Casual,Interview,Slim Fit,All Season,"Medium, Deep","Slim, Average, Athletic",Warm,Cotton,"Mustard, smart casual, solid, versatile, minimal",images/top/mustard_oxford_shirt.jpg
Pink Knit Sweater 155,Top,Unisex,Pink,Preppy,"Date, Office",Relaxed Fit,Autumn/Winter,"Fair, Medium","Slim, Average, Athletic, Broad, Plus Size",Mild,Wool,"Pink, preppy, solid, minimal",images/top/pink_knit_sweater.jpg
Grey Blazer 156,Outerwear,Unisex,Grey,Smart Casual,Interview,Regular Fit,All Season,"Fair, Medium, Deep","Slim, Average, Athletic, Broad, Plus Size",Any,Cotton,"Grey, smart casual, check, versatile",images/outerwear/grey_blazer.jpg
Beige T-Shirt 157,Top,Unisex,Beige,Streetwear,"Party, Casual Outing, Travel",Oversized,Spring/Summer,"Medium, Deep","Slim, Average, Broad, Plus Size",Warm,Cotton,"Beige, streetwear, graphic, urban",images/top/beige_t-shirt.jpg
Khaki Chinos 158,Bottom,Unisex,Khaki,Business Casual,"Date, Office, Presentation",Slim Fit,All Season,"Medium, Deep","Slim, Average, Athletic",Warm,Cotton,"Khaki, business casual, solid, professional, minimal",images/bottom/khaki_chinos.jpg
Navy Cargo Pants 159,Bottom,Unisex,Navy,Streetwear,Casual Outing,Relaxed Fit,All Season,"Fair, Medium, Deep","Slim, Average, Athletic, Broad, Plus Size",Any,Cotton,"Navy, streetwear, solid, urban, minimal",images/bottom/navy_cargo_pants.jpg
Brown Linen Shirt 160,Top,Unisex,Brown,Smart Casual,"Beach, Party, Travel",Regular Fit,Spring/Summer,"Medium, Deep","Slim, Average, Athletic, Broad, Plus Size",Warm,Linen,"Brown, smart casual, solid, versatile, minimal",images/top/brown_linen_shirt.jpg
Khaki Shorts 161,Bottom,Unisex,Khaki,Casual,"Travel, Casual Outing",Relaxed Fit,Spring/Summer,"Medium, Deep","Slim, Average, Athletic, Broad, Plus Size",Hot,Cotton,"Khaki, casual, solid, minimal",images/bottom/khaki_shorts.jpg
Beige Linen Shirt 162,Top,Unisex,Beige,Casual,Travel,Relaxed Fit,Spring/Summer,"Medium, Deep","Slim, Average, Athletic, Broad, Plus Size",Hot,Linen,"Beige, casual, striped",images/top/beige_linen_shirt.jpg
Brown Dress Trousers 163,Bottom,Unisex,Brown,Business Casual,"Wedding, Office, Interview",Straight Fit,All Season,"Medium, Deep","Slim, Average, Broad, Plus Size",Mild,Polyester,"Brown, business casual, solid, professional, minimal",images/bottom/brown_dress_trousers.jpg
Burgundy Bomber Jacket 164,Outerwear,Unisex,Burgundy,Casual,University,Regular Fit,Autumn/Winter,"Fair, Medium, Deep","Slim, Average, Athletic, Broad, Plus Size",Mild,Nylon,"Burgundy, casual, solid, minimal",images/outerwear/burgundy_bomber_jacket.jpg
Olive Polo Shirt 165,Top,Unisex,Olive,Preppy,"Casual Outing, Date, University",Slim Fit,Spring/Summer,"Medium, Deep","Slim, Average, Athletic",Warm,Pique,"Olive, preppy, striped",images/top/olive_polo_shirt.jpg
Burgundy Shorts 166,Bottom,Unisex,Burgundy,Casual,"Travel, Beach",Regular Fit,Spring/Summer,"Fair, Medium, Deep","Slim, Average, Athletic, Broad, Plus Size",Hot,Cotton,"Burgundy, casual, striped",images/bottom/burgundy_shorts.jpg
Grey Dress Trousers 167,Bottom,Unisex,Grey,Business Casual,"Wedding, Interview",Straight Fit,All Season,"Fair, Medium, Deep","Slim, Average, Broad, Plus Size",Mild,Polyester,"Grey, business casual, solid, professional, minimal",images/bottom/grey_dress_trousers.jpg
Brown Dress Trousers 168,Bottom,Unisex,Brown,Business Casual,Interview,Slim Fit,All Season,"Medium, Deep","Slim, Average, Athletic",Any,Polyester,"Brown, business casual, solid, professional, minimal",images/bottom/brown_dress_trousers.jpg
Mustard Chinos 169,Bottom,Unisex,Mustard,Preppy,Business Meeting,Regular Fit,All Season,"Medium, Deep","Slim, Average, Athletic, Broad, Plus Size",Warm,Cotton,"Mustard, preppy, solid, minimal",images/bottom/mustard_chinos.jpg
Lavender Oxford Shoes 170,Shoes,Unisex,Lavender,Business Casual,"Presentation, Business Meeting, Interview",Regular Fit,All Season,"Fair, Medium","Slim, Average, Athletic, Broad, Plus Size",Any,Leather,"Lavender, business casual, solid, professional, minimal",images/shoes/lavender_oxford_shoes.jpg
Pink Blazer 171,Outerwear,Unisex,Pink,Formal,"Wedding, Interview",Slim Fit,All Season,"Fair, Medium","Slim, Average, Athletic",Any,Cotton,"Pink, formal, check, professional",images/outerwear/pink_blazer.jpg
Forest Green Dress Shirt 172,Top,Unisex,Forest Green,Formal,"Interview, Business Meeting",Regular Fit,All Season,"Fair, Medium, Deep","Slim, Average, Athletic, Broad, Plus Size",Warm,Cotton,"Forest Green, formal, solid, professional, minimal",images/top/forest_green_dress_shirt.jpg
Burgundy Cargo Pants 173,Bottom,Unisex,Burgundy,Casual,Party,Relaxed Fit,All Season,"Fair, Medium, Deep","Slim, Average, Athletic, Broad, Plus Size",Any,Cotton,"Burgundy, casual, solid, minimal",images/bottom/burgundy_cargo_pants.jpg
Red Cargo Pants 174,Bottom,Unisex,Red,Streetwear,Casual Outing,Regular Fit,All Season,"Medium, Deep","Slim, Average, Athletic, Broad, Plus Size",Any,Cotton,"Red, streetwear, solid, urban, minimal",images/bottom/red_cargo_pants.jpg
Khaki Dress Trousers 175,Bottom,Unisex,Khaki,Business Casual,"Wedding, Office",Slim Fit,All Season,"Medium, Deep","Slim, Average, Athletic",Mild,Wool,"Khaki, business casual, solid, professional, minimal",images/bottom/khaki_dress_trousers.jpg
Red Blazer 176,Outerwear,Unisex,Red,Smart Casual,"Date, Interview",Regular Fit,All Season,"Medium, Deep","Slim, Average, Athletic, Broad, Plus Size",Cool,Cotton,"Red, smart casual, check, versatile",images/outerwear/red_blazer.jpg
Burgundy Sneakers 177,Shoes,Unisex,Burgundy,Minimalist,"Date, Casual Outing, Travel",Regular Fit,All Season,"Fair, Medium, Deep","Slim, Average, Athletic, Broad, Plus Size",Any,Canvas,"Burgundy, minimalist, solid, minimal",images/shoes/burgundy_sneakers.jpg
Mustard Bomber Jacket 178,Outerwear,Unisex,Mustard,Casual,"Travel, Party",Regular Fit,Autumn/Winter,"Medium, Deep","Slim, Average, Athletic, Broad, Plus Size",Cool,Nylon,"Mustard, casual, solid, minimal",images/outerwear/mustard_bomber_jacket.jpg
Forest Green Linen Shirt 179,Top,Unisex,Forest Green,Casual,"Casual Outing, Date, Party",Relaxed Fit,Spring/Summer,"Fair, Medium, Deep","Slim, Average, Athletic, Broad, Plus Size",Hot,Linen,"Forest Green, casual, solid, minimal",images/top/forest_green_linen_shirt.jpg
Red Shorts 180,Bottom,Unisex,Red,Casual,Beach,Relaxed Fit,Spring/Summer,"Medium, Deep","Slim, Average, Athletic, Broad, Plus Size",Hot,Linen,"Red, casual, striped",images/bottom/red_shorts.jpg
Burgundy Jeans 181,Bottom,Unisex,Burgundy,Casual,"Travel, Party",Regular Fit,All Season,"Fair, Medium, Deep","Slim, Average, Athletic, Broad, Plus Size",Any,Denim,"Burgundy, casual, solid, minimal",images/bottom/burgundy_jeans.jpg
Light Blue Chinos 182,Bottom,Unisex,Light Blue,Preppy,"Office, Presentation",Straight Fit,All Season,"Fair, Medium, Deep","Slim, Average, Broad, Plus Size",Warm,Cotton,"Light Blue, preppy, solid, minimal",images/bottom/light_blue_chinos.jpg
Pink Oxford Shirt 183,Top,Unisex,Pink,Smart Casual,"Date, Office",Regular Fit,All Season,"Fair, Medium","Slim, Average, Athletic, Broad, Plus Size",Any,Cotton,"Pink, smart casual, check, versatile",images/top/pink_oxford_shirt.jpg
Light Blue Linen Shirt 184,Top,Unisex,Light Blue,Casual,Date,Regular Fit,Spring/Summer,"Fair, Medium, Deep","Slim, Average, Athletic, Broad, Plus Size",Hot,Linen,"Light Blue, casual, solid, minimal",images/top/light_blue_linen_shirt.jpg
Khaki Dress Trousers 185,Bottom,Unisex,Khaki,Formal,"Presentation, Wedding, Office",Straight Fit,All Season,"Medium, Deep","Slim, Average, Broad, Plus Size",Any,Wool,"Khaki, formal, pinstripe, professional",images/bottom/khaki_dress_trousers.jpg
Burgundy Hoodie 186,Top,Unisex,Burgundy,Streetwear,Party,Oversized,Autumn/Winter,"Fair, Medium, Deep","Slim, Average, Broad, Plus Size",Cool,Cotton,"Burgundy, streetwear, solid, urban, minimal",images/top/burgundy_hoodie.jpg
White Henley 187,Top,Unisex,White,Smart Casual,"Casual Outing, University",Regular Fit,All Season,"Fair, Medium, Deep","Slim, Average, Athletic, Broad, Plus Size",Warm,Cotton,"White, smart casual, solid, versatile, minimal",images/top/white_henley.jpg
Lavender Chinos 188,Bottom,Unisex,Lavender,Preppy,Office,Straight Fit,All Season,"Fair, Medium","Slim, Average, Broad, Plus Size",Warm,Cotton,"Lavender, preppy, solid, minimal",images/bottom/lavender_chinos.jpg
Beige Dress Trousers 189,Bottom,Unisex,Beige,Business Casual,"Wedding, Business Meeting",Straight Fit,All Season,"Medium, Deep","Slim, Average, Broad, Plus Size",Any,Polyester,"Beige, business casual, pinstripe, professional",images/bottom/beige_dress_trousers.jpg
Mustard Henley 190,Top,Unisex,Mustard,Smart Casual,Date,Regular Fit,All Season,"Medium, Deep","Slim, Average, Athletic, Broad, Plus Size",Warm,Cotton,"Mustard, smart casual, solid, versatile, minimal",images/top/mustard_henley.jpg
Brown Dress Trousers 191,Bottom,Unisex,Brown,Formal,"Office, Interview",Regular Fit,All Season,"Medium, Deep","Slim, Average, Athletic, Broad, Plus Size",Mild,Polyester,"Brown, formal, pinstripe, professional",images/bottom/brown_dress_trousers.jpg
Pink Jeans 192,Bottom,Unisex,Pink,Streetwear,Date,Slim Fit,All Season,"Fair, Medium","Slim, Average, Athletic",Any,Denim,"Pink, streetwear, solid, urban, minimal",images/bottom/pink_jeans.jpg
Burgundy Boots 193,Shoes,Unisex,Burgundy,Streetwear,Casual Outing,Regular Fit,All Season,"Fair, Medium, Deep","Slim, Average, Athletic, Broad, Plus Size",Any,Suede,"Burgundy, streetwear, solid, urban, minimal",images/shoes/burgundy_boots.jpg
Grey Oxford Shoes 194,Shoes,Unisex,Grey,Business Casual,"Wedding, Interview, Office",Regular Fit,All Season,"Fair, Medium, Deep","Slim, Average, Athletic, Broad, Plus Size",Any,Leather,"Grey, business casual, solid, professional, minimal",images/shoes/grey_oxford_shoes.jpg
Pink Loafers 195,Shoes,Unisex,Pink,Smart Casual,"Presentation, Wedding",Regular Fit,All Season,"Fair, Medium","Slim, Average, Athletic, Broad, Plus Size",Any,Leather,"Pink, smart casual, solid, versatile, minimal",images/shoes/pink_loafers.jpg
Cream Dress Shirt 196,Top,Unisex,Cream,Business Casual,"Presentation, Wedding, Office",Slim Fit,All Season,"Medium, Deep","Slim, Average, Athletic",Warm,Cotton,"Cream, business casual, solid, professional, minimal",images/top/cream_dress_shirt.jpg
Lavender Polo Shirt 197,Top,Unisex,Lavender,Preppy,"University, Travel, Office",Regular Fit,All Season,"Fair, Medium","Slim, Average, Athletic, Broad, Plus Size",Warm,Cotton,"Lavender, preppy, solid, minimal",images/top/lavender_polo_shirt.jpg
Forest Green Polo Shirt 198,Top,Unisex,Forest Green,Casual,"Date, University",Slim Fit,Spring/Summer,"Fair, Medium, Deep","Slim, Average, Athletic",Warm,Cotton,"Forest Green, casual, solid, minimal",images/top/forest_green_polo_shirt.jpg
Forest Green Linen Shirt 199,Top,Unisex,Forest Green,Smart Casual,"Party, Travel, Casual Outing",Relaxed Fit,Spring/Summer,"Fair, Medium, Deep","Slim, Average, Athletic, Broad, Plus Size",Warm,Linen,"Forest Green, smart casual, solid, versatile, minimal",images/top/forest_green_linen_shirt.jpg
Light Blue Cargo Pants 200,Bottom,Unisex,Light Blue,Casual,"Party, Travel",Relaxed Fit,All Season,"Fair, Medium, Deep","Slim, Average, Athletic, Broad, Plus Size",Any,Cotton,"Light Blue, casual, solid, minimal",images/bottom/light_blue_cargo_pants.jpg
Forest Green Sandals 201,Shoes,Unisex,Forest Green,Casual,"Beach, Casual Outing",Regular Fit,Spring/Summer,"Fair, Medium, Deep","Slim, Average, Athletic, Broad, Plus Size",Hot,Leather,"Forest Green, casual, solid, minimal",images/shoes/forest_green_sandals.jpg
Forest Green Polo Shirt 202,Top,Unisex,Forest Green,Preppy,"Office, Date, Party",Slim Fit,Spring/Summer,"Fair, Medium, Deep","Slim, Average, Athletic",Hot,Cotton,"Forest Green, preppy, solid, minimal",images/top/forest_green_polo_shirt.jpg
White Knit Sweater 203,Top,Unisex,White,Preppy,"Casual Outing, University, Travel",Relaxed Fit,Autumn/Winter,"Fair, Medium, Deep","Slim, Average, Athletic, Broad, Plus Size",Cool,Wool,"White, preppy, solid, minimal",images/top/white_knit_sweater.jpg
Red Blazer 204,Outerwear,Unisex,Red,Smart Casual,"Office, Date",Regular Fit,All Season,"Medium, Deep","Slim, Average, Athletic, Broad, Plus Size",Cool,Wool,"Red, smart casual, solid, versatile, minimal",images/outerwear/red_blazer.jpg
Beige Polo Shirt 205,Top,Unisex,Beige,Preppy,"Casual Outing, Date, Travel",Regular Fit,Spring/Summer,"Medium, Deep","Slim, Average, Athletic, Broad, Plus Size",Warm,Pique,"Beige, preppy, striped",images/top/beige_polo_shirt.jpg
Burgundy Linen Shirt 206,Top,Unisex,Burgundy,Smart Casual,"Travel, Date, Beach",Regular Fit,Spring/Summer,"Fair, Medium, Deep","Slim, Average, Athletic, Broad, Plus Size",Hot,Linen,"Burgundy, smart casual, striped, versatile",images/top/burgundy_linen_shirt.jpg
Forest Green Sandals 207,Shoes,Unisex,Forest Green,Casual,"Casual Outing, Beach",Regular Fit,Spring/Summer,"Fair, Medium, Deep","Slim, Average, Athletic, Broad, Plus Size",Hot,Rubber,"Forest Green, casual, solid, minimal",images/shoes/forest_green_sandals.jpg
Pink Loafers 208,Shoes,Unisex,Pink,Smart Casual,Business Meeting,Regular Fit,All Season,"Fair, Medium","Slim, Average, Athletic, Broad, Plus Size",Any,Leather,"Pink, smart casual, solid, versatile, minimal",images/shoes/pink_loafers.jpg
Cream Blazer 209,Outerwear,Unisex,Cream,Business Casual,Date,Slim Fit,All Season,"Medium, Deep","Slim, Average, Athletic",Cool,Cotton,"Cream, business casual, solid, professional, minimal",images/outerwear/cream_blazer.jpg
Khaki Dress Shirt 210,Top,Unisex,Khaki,Formal,"Presentation, Office",Slim Fit,All Season,"Medium, Deep","Slim, Average, Athletic",Warm,Cotton,"Khaki, formal, striped, professional",images/top/khaki_dress_shirt.jpg
Olive Chinos 211,Bottom,Unisex,Olive,Smart Casual,"Business Meeting, Presentation",Straight Fit,All Season,"Medium, Deep","Slim, Average, Broad, Plus Size",Any,Cotton,"Olive, smart casual, solid, versatile, minimal",images/bottom/olive_chinos.jpg
Forest Green Dress Trousers 212,Bottom,Unisex,Forest Green,Formal,"Wedding, Presentation, Business Meeting",Straight Fit,All Season,"Fair, Medium, Deep","Slim, Average, Broad, Plus Size",Any,Wool,"Forest Green, formal, pinstripe, professional",images/bottom/forest_green_dress_trousers.jpg
Cream Linen Shirt 213,Top,Unisex,Cream,Smart Casual,"Date, Party",Regular Fit,Spring/Summer,"Medium, Deep","Slim, Average, Athletic, Broad, Plus Size",Warm,Linen,"Cream, smart casual, striped, versatile",images/top/cream_linen_shirt.jpg
Beige Loafers 214,Shoes,Unisex,Beige,Preppy,"Party, Office, Presentation",Regular Fit,All Season,"Medium, Deep","Slim, Average, Athletic, Broad, Plus Size",Any,Leather,"Beige, preppy, solid, minimal",images/shoes/beige_loafers.jpg
White Oxford Shirt 215,Top,Unisex,White,Business Casual,Interview,Regular Fit,All Season,"Fair, Medium, Deep","Slim, Average, Athletic, Broad, Plus Size",Any,Cotton,"White, business casual, check, professional",images/top/white_oxford_shirt.jpg
Lavender Hoodie 216,Top,Unisex,Lavender,Streetwear,"Party, University, Travel",Relaxed Fit,All Season,"Fair, Medium","Slim, Average, Athletic, Broad, Plus Size",Cool,Fleece,"Lavender, streetwear, solid, urban, minimal",images/top/lavender_hoodie.jpg
Olive Boots 217,Shoes,Unisex,Olive,Streetwear,Party,Regular Fit,All Season,"Medium, Deep","Slim, Average, Athletic, Broad, Plus Size",Cool,Leather,"Olive, streetwear, solid, urban, minimal",images/shoes/olive_boots.jpg
Brown Linen Shirt 218,Top,Unisex,Brown,Casual,"Date, Party",Relaxed Fit,Spring/Summer,"Medium, Deep","Slim, Average, Athletic, Broad, Plus Size",Warm,Linen,"Brown, casual, solid, minimal",images/top/brown_linen_shirt.jpg
Brown Blazer 219,Outerwear,Unisex,Brown,Smart Casual,Presentation,Slim Fit,All Season,"Medium, Deep","Slim, Average, Athletic",Any,Cotton,"Brown, smart casual, solid, versatile, minimal",images/outerwear/brown_blazer.jpg
Mustard Shorts 220,Bottom,Unisex,Mustard,Casual,"Casual Outing, Travel",Regular Fit,Spring/Summer,"Medium, Deep","Slim, Average, Athletic, Broad, Plus Size",Hot,Cotton,"Mustard, casual, striped",images/bottom/mustard_shorts.jpg
Light Blue Blazer 221,Outerwear,Unisex,Light Blue,Smart Casual,"Interview, Date",Slim Fit,All Season,"Fair, Medium, Deep","Slim, Average, Athletic",Any,Wool,"Light Blue, smart casual, check, versatile",images/outerwear/light_blue_blazer.jpg
White Jeans 222,Bottom,Unisex,White,Casual,Travel,Regular Fit,All Season,"Fair, Medium, Deep","Slim, Average, Athletic, Broad, Plus Size",Any,Denim,"White, casual, solid, minimal",images/bottom/white_jeans.jpg
Brown Henley 223,Top,Unisex,Brown,Smart Casual,Casual Outing,Regular Fit,All Season,"Medium, Deep","Slim, Average, Athletic, Broad, Plus Size",Warm,Cotton,"Brown, smart casual, solid, versatile, minimal",images/top/brown_henley.jpg
Brown Sneakers 224,Shoes,Unisex,Brown,Casual,"Date, Casual Outing",Regular Fit,All Season,"Medium, Deep","Slim, Average, Athletic, Broad, Plus Size",Any,Canvas,"Brown, casual, solid, minimal",images/shoes/brown_sneakers.jpg
Mustard Cargo Pants 225,Bottom,Unisex,Mustard,Streetwear,"University, Party, Casual Outing",Regular Fit,All Season,"Medium, Deep","Slim, Average, Athletic, Broad, Plus Size",Any,Cotton,"Mustard, streetwear, solid, urban, minimal",images/bottom/mustard_cargo_pants.jpg
Mustard Linen Shirt 226,Top,Unisex,Mustard,Casual,Casual Outing,Relaxed Fit,Spring/Summer,"Medium, Deep","Slim, Average, Athletic, Broad, Plus Size",Hot,Linen,"Mustard, casual, solid, minimal",images/top/mustard_linen_shirt.jpg
Pink Loafers 227,Shoes,Unisex,Pink,Business Casual,"Presentation, Party",Regular Fit,All Season,"Fair, Medium","Slim, Average, Athletic, Broad, Plus Size",Any,Leather,"Pink, business casual, solid, professional, minimal",images/shoes/pink_loafers.jpg
Forest Green Boots 228,Shoes,Unisex,Forest Green,Casual,"Party, University, Casual Outing",Regular Fit,All Season,"Fair, Medium, Deep","Slim, Average, Athletic, Broad, Plus Size",Any,Leather,"Forest Green, casual, solid, minimal",images/shoes/forest_green_boots.jpg
Burgundy T-Shirt 229,Top,Unisex,Burgundy,Streetwear,"Casual Outing, Date",Relaxed Fit,Spring/Summer,"Fair, Medium, Deep","Slim, Average, Athletic, Broad, Plus Size",Hot,Cotton,"Burgundy, streetwear, striped, urban",images/top/burgundy_t-shirt.jpg
Burgundy Jeans 230,Bottom,Unisex,Burgundy,Smart Casual,"Date, Travel",Regular Fit,All Season,"Fair, Medium, Deep","Slim, Average, Athletic, Broad, Plus Size",Any,Denim,"Burgundy, smart casual, solid, versatile, minimal",images/bottom/burgundy_jeans.jpg
Navy Oxford Shoes 231,Shoes,Unisex,Navy,Business Casual,Business Meeting,Regular Fit,All Season,"Fair, Medium, Deep","Slim, Average, Athletic, Broad, Plus Size",Any,Leather,"Navy, business casual, solid, professional, minimal",images/shoes/navy_oxford_shoes.jpg
Black Chinos 232,Bottom,Unisex,Black,Smart Casual,"Casual Outing, University",Regular Fit,All Season,"Fair, Medium, Deep","Slim, Average, Athletic, Broad, Plus Size",Warm,Cotton,"Black, smart casual, solid, versatile, minimal",images/bottom/black_chinos.jpg
Burgundy Linen Shirt 233,Top,Unisex,Burgundy,Smart Casual,"Casual Outing, Date",Regular Fit,Spring/Summer,"Fair, Medium, Deep","Slim, Average, Athletic, Broad, Plus Size",Hot,Linen,"Burgundy, smart casual, striped, versatile",images/top/burgundy_linen_shirt.jpg
Brown Blazer 234,Outerwear,Unisex,Brown,Business Casual,"Business Meeting, Wedding, Date",Regular Fit,All Season,"Medium, Deep","Slim, Average, Athletic, Broad, Plus Size",Mild,Cotton,"Brown, business casual, solid, professional, minimal",images/outerwear/brown_blazer.jpg
Black Sandals 235,Shoes,Unisex,Black,Casual,"Travel, Beach, Casual Outing",Regular Fit,Spring/Summer,"Fair, Medium, Deep","Slim, Average, Athletic, Broad, Plus Size",Hot,Rubber,"Black, casual, solid, minimal",images/shoes/black_sandals.jpg
Olive Knit Sweater 236,Top,Unisex,Olive,Minimalist,"Date, Travel, Casual Outing",Regular Fit,Autumn/Winter,"Medium, Deep","Slim, Average, Athletic, Broad, Plus Size",Cool,Cotton,"Olive, minimalist, solid, minimal",images/top/olive_knit_sweater.jpg
Forest Green Boots 237,Shoes,Unisex,Forest Green,Streetwear,"University, Casual Outing, Party",Regular Fit,Autumn/Winter,"Fair, Medium, Deep","Slim, Average, Athletic, Broad, Plus Size",Cool,Suede,"Forest Green, streetwear, solid, urban, minimal",images/shoes/forest_green_boots.jpg
White Denim Jacket 238,Outerwear,Unisex,White,Streetwear,"Casual Outing, Date",Relaxed Fit,Autumn/Winter,"Fair, Medium, Deep","Slim, Average, Athletic, Broad, Plus Size",Cool,Denim,"White, streetwear, solid, urban, minimal",images/outerwear/white_denim_jacket.jpg
Pink Loafers 239,Shoes,Unisex,Pink,Business Casual,Date,Regular Fit,All Season,"Fair, Medium","Slim, Average, Athletic, Broad, Plus Size",Any,Leather,"Pink, business casual, solid, professional, minimal",images/shoes/pink_loafers.jpg
Navy Sneakers 240,Shoes,Unisex,Navy,Casual,Party,Regular Fit,All Season,"Fair, Medium, Deep","Slim, Average, Athletic, Broad, Plus Size",Any,Canvas,"Navy, casual, solid, minimal",images/shoes/navy_sneakers.jpg
Pink Oxford Shoes 241,Shoes,Unisex,Pink,Business Casual,"Interview, Wedding",Regular Fit,All Season,"Fair, Medium","Slim, Average, Athletic, Broad, Plus Size",Any,Leather,"Pink, business casual, solid, professional, minimal",images/shoes/pink_oxford_shoes.jpg
Red T-Shirt 242,Top,Unisex,Red,Minimalist,Travel,Regular Fit,Spring/Summer,"Medium, Deep","Slim, Average, Athletic, Broad, Plus Size",Hot,Cotton,"Red, minimalist, striped",images/top/red_t-shirt.jpg
Forest Green Sandals 243,Shoes,Unisex,Forest Green,Casual,"Beach, Casual Outing",Regular Fit,Spring/Summer,"Fair, Medium, Deep","Slim, Average, Athletic, Broad, Plus Size",Hot,Rubber,"Forest Green, casual, solid, minimal",images/shoes/forest_green_sandals.jpg
Forest Green Loafers 244,Shoes,Unisex,Forest Green,Business Casual,"Office, Presentation, Business Meeting",Regular Fit,All Season,"Fair, Medium, Deep","Slim, Average, Athletic, Broad, Plus Size",Any,Leather,"Forest Green, business casual, solid, professional, minimal",images/shoes/forest_green_loafers.jpg
Red Cargo Pants 245,Bottom,Unisex,Red,Casual,"Party, Travel, Casual Outing",Relaxed Fit,All Season,"Medium, Deep","Slim, Average, Athletic, Broad, Plus Size",Any,Cotton,"Red, casual, solid, minimal",images/bottom/red_cargo_pants.jpg
Light Blue Blazer 246,Outerwear,Unisex,Light Blue,Business Casual,"Wedding, Interview, Business Meeting",Regular Fit,All Season,"Fair, Medium, Deep","Slim, Average, Athletic, Broad, Plus Size",Any,Cotton,"Light Blue, business casual, check, professional",images/outerwear/light_blue_blazer.jpg
Light Blue Dress Trousers 247,Bottom,Unisex,Light Blue,Formal,"Presentation, Wedding, Office",Regular Fit,All Season,"Fair, Medium, Deep","Slim, Average, Athletic, Broad, Plus Size",Mild,Wool,"Light Blue, formal, solid, professional, minimal",images/bottom/light_blue_dress_trousers.jpg
Mustard Linen Shirt 248,Top,Unisex,Mustard,Smart Casual,"Travel, Party",Regular Fit,Spring/Summer,"Medium, Deep","Slim, Average, Athletic, Broad, Plus Size",Hot,Linen,"Mustard, smart casual, striped, versatile",images/top/mustard_linen_shirt.jpg
Lavender Dress Trousers 249,Bottom,Unisex,Lavender,Formal,"Wedding, Presentation",Regular Fit,All Season,"Fair, Medium","Slim, Average, Athletic, Broad, Plus Size",Any,Wool,"Lavender, formal, solid, professional, minimal",images/bottom/lavender_dress_trousers.jpg
Khaki Sneakers 250,Shoes,Unisex,Khaki,Streetwear,Travel,Regular Fit,All Season,"Medium, Deep","Slim, Average, Athletic, Broad, Plus Size",Any,Canvas,"Khaki, streetwear, solid, urban, minimal",images/shoes/khaki_sneakers.jpg
Olive Polo Shirt 251,Top,Unisex,Olive,Smart Casual,"Travel, Office, Party",Regular Fit,All Season,"Medium, Deep","Slim, Average, Athletic, Broad, Plus Size",Any,Cotton,"Olive, smart casual, striped, versatile",images/top/olive_polo_shirt.jpg
Pink Jeans 252,Bottom,Unisex,Pink,Streetwear,"Casual Outing, Travel, University",Slim Fit,All Season,"Fair, Medium","Slim, Average, Athletic",Any,Denim,"Pink, streetwear, solid, urban, minimal",images/bottom/pink_jeans.jpg
Olive Loafers 253,Shoes,Unisex,Olive,Business Casual,"Presentation, Date, Wedding",Regular Fit,All Season,"Medium, Deep","Slim, Average, Athletic, Broad, Plus Size",Any,Suede,"Olive, business casual, solid, professional, minimal",images/shoes/olive_loafers.jpg
Grey Henley 254,Top,Unisex,Grey,Casual,"Travel, University",Slim Fit,All Season,"Fair, Medium, Deep","Slim, Average, Athletic",Mild,Cotton,"Grey, casual, solid, minimal",images/top/grey_henley.jpg
Olive Blazer 255,Outerwear,Unisex,Olive,Smart Casual,"Business Meeting, Date, Wedding",Slim Fit,All Season,"Medium, Deep","Slim, Average, Athletic",Cool,Wool,"Olive, smart casual, check, versatile",images/outerwear/olive_blazer.jpg
Red Linen Shirt 256,Top,Unisex,Red,Casual,"Date, Beach",Relaxed Fit,Spring/Summer,"Medium, Deep","Slim, Average, Athletic, Broad, Plus Size",Warm,Linen,"Red, casual, striped",images/top/red_linen_shirt.jpg
Navy Bomber Jacket 257,Outerwear,Unisex,Navy,Streetwear,"University, Date, Travel",Oversized,All Season,"Fair, Medium, Deep","Slim, Average, Broad, Plus Size",Mild,Cotton,"Navy, streetwear, solid, urban, minimal",images/outerwear/navy_bomber_jacket.jpg
Pink Loafers 258,Shoes,Unisex,Pink,Smart Casual,"Date, Party",Regular Fit,All Season,"Fair, Medium","Slim, Average, Athletic, Broad, Plus Size",Any,Leather,"Pink, smart casual, solid, versatile, minimal",images/shoes/pink_loafers.jpg
Grey Dress Trousers 259,Bottom,Unisex,Grey,Business Casual,Interview,Regular Fit,All Season,"Fair, Medium, Deep","Slim, Average, Athletic, Broad, Plus Size",Any,Wool,"Grey, business casual, pinstripe, professional",images/bottom/grey_dress_trousers.jpg
Lavender Henley 260,Top,Unisex,Lavender,Smart Casual,Travel,Slim Fit,All Season,"Fair, Medium","Slim, Average, Athletic",Warm,Cotton,"Lavender, smart casual, solid, versatile, minimal",images/top/lavender_henley.jpg
Pink Oxford Shirt 261,Top,Unisex,Pink,Smart Casual,"Office, Business Meeting, Presentation",Slim Fit,All Season,"Fair, Medium","Slim, Average, Athletic",Any,Cotton,"Pink, smart casual, striped, versatile",images/top/pink_oxford_shirt.jpg
Navy Bomber Jacket 262,Outerwear,Unisex,Navy,Casual,"Casual Outing, Party, University",Regular Fit,All Season,"Fair, Medium, Deep","Slim, Average, Athletic, Broad, Plus Size",Cool,Nylon,"Navy, casual, solid, minimal",images/outerwear/navy_bomber_jacket.jpg
Red T-Shirt 263,Top,Unisex,Red,Casual,"University, Date",Relaxed Fit,All Season,"Medium, Deep","Slim, Average, Athletic, Broad, Plus Size",Hot,Cotton,"Red, casual, solid, minimal",images/top/red_t-shirt.jpg
Red Dress Shirt 264,Top,Unisex,Red,Business Casual,Wedding,Regular Fit,All Season,"Medium, Deep","Slim, Average, Athletic, Broad, Plus Size",Any,Cotton,"Red, business casual, solid, professional, minimal",images/top/red_dress_shirt.jpg
Black Blazer 265,Outerwear,Unisex,Black,Smart Casual,"Date, Business Meeting, Presentation",Slim Fit,All Season,"Fair, Medium, Deep","Slim, Average, Athletic",Any,Cotton,"Black, smart casual, solid, versatile, minimal",images/outerwear/black_blazer.jpg
Lavender Denim Jacket 266,Outerwear,Unisex,Lavender,Casual,"Party, Travel",Regular Fit,Autumn/Winter,"Fair, Medium","Slim, Average, Athletic, Broad, Plus Size",Cool,Denim,"Lavender, casual, solid, minimal",images/outerwear/lavender_denim_jacket.jpg
Brown Linen Shirt 267,Top,Unisex,Brown,Smart Casual,Party,Regular Fit,Spring/Summer,"Medium, Deep","Slim, Average, Athletic, Broad, Plus Size",Hot,Linen,"Brown, smart casual, striped, versatile",images/top/brown_linen_shirt.jpg
Cream Denim Jacket 268,Outerwear,Unisex,Cream,Streetwear,Casual Outing,Relaxed Fit,Autumn/Winter,"Medium, Deep","Slim, Average, Athletic, Broad, Plus Size",Mild,Denim,"Cream, streetwear, solid, urban, minimal",images/outerwear/cream_denim_jacket.jpg
Navy Oxford Shoes 269,Shoes,Unisex,Navy,Formal,"Wedding, Business Meeting",Regular Fit,All Season,"Fair, Medium, Deep","Slim, Average, Athletic, Broad, Plus Size",Any,Leather,"Navy, formal, solid, professional, minimal",images/shoes/navy_oxford_shoes.jpg
Navy Oxford Shoes 270,Shoes,Unisex,Navy,Formal,Presentation,Regular Fit,All Season,"Fair, Medium, Deep","Slim, Average, Athletic, Broad, Plus Size",Any,Leather,"Navy, formal, solid, professional, minimal",images/shoes/navy_oxford_shoes.jpg
Burgundy Boots 271,Shoes,Unisex,Burgundy,Streetwear,"Travel, University",Regular Fit,All Season,"Fair, Medium, Deep","Slim, Average, Athletic, Broad, Plus Size",Cool,Suede,"Burgundy, streetwear, solid, urban, minimal",images/shoes/burgundy_boots.jpg
Cream Oxford Shirt 272,Top,Unisex,Cream,Business Casual,"Wedding, Business Meeting",Regular Fit,All Season,"Medium, Deep","Slim, Average, Athletic, Broad, Plus Size",Warm,Cotton,"Cream, business casual, check, professional",images/top/cream_oxford_shirt.jpg
Brown Polo Shirt 273,Top,Unisex,Brown,Smart Casual,"Party, University",Regular Fit,All Season,"Medium, Deep","Slim, Average, Athletic, Broad, Plus Size",Any,Cotton,"Brown, smart casual, solid, versatile, minimal",images/top/brown_polo_shirt.jpg
Black Dress Shirt 274,Top,Unisex,Black,Formal,Office,Slim Fit,All Season,"Fair, Medium, Deep","Slim, Average, Athletic",Warm,Cotton,"Black, formal, striped, professional",images/top/black_dress_shirt.jpg
Olive Linen Shirt 275,Top,Unisex,Olive,Casual,"Party, Beach",Regular Fit,Spring/Summer,"Medium, Deep","Slim, Average, Athletic, Broad, Plus Size",Warm,Linen,"Olive, casual, solid, minimal",images/top/olive_linen_shirt.jpg
Lavender Oxford Shoes 276,Shoes,Unisex,Lavender,Business Casual,"Interview, Wedding",Regular Fit,All Season,"Fair, Medium","Slim, Average, Athletic, Broad, Plus Size",Any,Leather,"Lavender, business casual, solid, professional, minimal",images/shoes/lavender_oxford_shoes.jpg
Black Knit Sweater 277,Top,Unisex,Black,Smart Casual,"University, Travel",Regular Fit,Autumn/Winter,"Fair, Medium, Deep","Slim, Average, Athletic, Broad, Plus Size",Mild,Wool,"Black, smart casual, solid, versatile, minimal",images/top/black_knit_sweater.jpg
Forest Green Polo Shirt 278,Top,Unisex,Forest Green,Smart Casual,"Office, Travel",Regular Fit,All Season,"Fair, Medium, Deep","Slim, Average, Athletic, Broad, Plus Size",Any,Cotton,"Forest Green, smart casual, striped, versatile",images/top/forest_green_polo_shirt.jpg
Light Blue Cargo Pants 279,Bottom,Unisex,Light Blue,Casual,"Travel, Casual Outing",Regular Fit,All Season,"Fair, Medium, Deep","Slim, Average, Athletic, Broad, Plus Size",Any,Cotton,"Light Blue, casual, solid, minimal",images/bottom/light_blue_cargo_pants.jpg
Navy Dress Trousers 280,Bottom,Unisex,Navy,Business Casual,"Wedding, Business Meeting, Presentation",Slim Fit,All Season,"Fair, Medium, Deep","Slim, Average, Athletic",Mild,Polyester,"Navy, business casual, pinstripe, professional",images/bottom/navy_dress_trousers.jpg
Khaki Cargo Pants 281,Bottom,Unisex,Khaki,Casual,Travel,Regular Fit,All Season,"Medium, Deep","Slim, Average, Athletic, Broad, Plus Size",Any,Cotton,"Khaki, casual, solid, minimal",images/bottom/khaki_cargo_pants.jpg
Black Bomber Jacket 282,Outerwear,Unisex,Black,Streetwear,"Casual Outing, Party, Date",Regular Fit,All Season,"Fair, Medium, Deep","Slim, Average, Athletic, Broad, Plus Size",Cool,Cotton,"Black, streetwear, solid, urban, minimal",images/outerwear/black_bomber_jacket.jpg
Grey Polo Shirt 283,Top,Unisex,Grey,Preppy,"Casual Outing, Date, Office",Regular Fit,Spring/Summer,"Fair, Medium, Deep","Slim, Average, Athletic, Broad, Plus Size",Hot,Cotton,"Grey, preppy, striped",images/top/grey_polo_shirt.jpg
Light Blue Blazer 284,Outerwear,Unisex,Light Blue,Smart Casual,"Date, Business Meeting",Slim Fit,All Season,"Fair, Medium, Deep","Slim, Average, Athletic",Any,Cotton,"Light Blue, smart casual, solid, versatile, minimal",images/outerwear/light_blue_blazer.jpg
Burgundy Knit Sweater 285,Top,Unisex,Burgundy,Preppy,"University, Office",Relaxed Fit,Autumn/Winter,"Fair, Medium, Deep","Slim, Average, Athletic, Broad, Plus Size",Mild,Cotton,"Burgundy, preppy, solid, minimal",images/top/burgundy_knit_sweater.jpg
Grey Hoodie 286,Top,Unisex,Grey,Casual,"Party, University",Relaxed Fit,Autumn/Winter,"Fair, Medium, Deep","Slim, Average, Athletic, Broad, Plus Size",Mild,Cotton,"Grey, casual, graphic",images/top/grey_hoodie.jpg
Pink Sandals 287,Shoes,Unisex,Pink,Casual,Beach,Regular Fit,Spring/Summer,"Fair, Medium","Slim, Average, Athletic, Broad, Plus Size",Hot,Rubber,"Pink, casual, solid, minimal",images/shoes/pink_sandals.jpg
White Chinos 288,Bottom,Unisex,White,Business Casual,"University, Office",Regular Fit,All Season,"Fair, Medium, Deep","Slim, Average, Athletic, Broad, Plus Size",Any,Cotton,"White, business casual, solid, professional, minimal",images/bottom/white_chinos.jpg
Olive Chinos 289,Bottom,Unisex,Olive,Business Casual,"Office, Business Meeting",Slim Fit,All Season,"Medium, Deep","Slim, Average, Athletic",Any,Cotton,"Olive, business casual, solid, professional, minimal",images/bottom/olive_chinos.jpg
Black Dress Shirt 290,Top,Unisex,Black,Formal,"Interview, Office, Wedding",Slim Fit,All Season,"Fair, Medium, Deep","Slim, Average, Athletic",Warm,Cotton,"Black, formal, striped, professional",images/top/black_dress_shirt.jpg
Navy T-Shirt 291,Top,Unisex,Navy,Casual,University,Oversized,Spring/Summer,"Fair, Medium, Deep","Slim, Average, Broad, Plus Size",Hot,Cotton,"Navy, casual, graphic",images/top/navy_t-shirt.jpg
White Loafers 292,Shoes,Unisex,White,Smart Casual,"Wedding, Business Meeting, Date",Regular Fit,All Season,"Fair, Medium, Deep","Slim, Average, Athletic, Broad, Plus Size",Any,Suede,"White, smart casual, solid, versatile, minimal",images/shoes/white_loafers.jpg
Beige Hoodie 293,Top,Unisex,Beige,Streetwear,"Travel, Casual Outing, Party",Oversized,Autumn/Winter,"Medium, Deep","Slim, Average, Broad, Plus Size",Cool,Fleece,"Beige, streetwear, solid, urban, minimal",images/top/beige_hoodie.jpg
Khaki Sandals 294,Shoes,Unisex,Khaki,Casual,Casual Outing,Regular Fit,Spring/Summer,"Medium, Deep","Slim, Average, Athletic, Broad, Plus Size",Hot,Rubber,"Khaki, casual, solid, minimal",images/shoes/khaki_sandals.jpg
Brown Boots 295,Shoes,Unisex,Brown,Streetwear,"Party, University",Regular Fit,All Season,"Medium, Deep","Slim, Average, Athletic, Broad, Plus Size",Mild,Suede,"Brown, streetwear, solid, urban, minimal",images/shoes/brown_boots.jpg
Olive Shorts 296,Bottom,Unisex,Olive,Casual,Travel,Regular Fit,Spring/Summer,"Medium, Deep","Slim, Average, Athletic, Broad, Plus Size",Hot,Linen,"Olive, casual, striped",images/bottom/olive_shorts.jpg
Pink Boots 297,Shoes,Unisex,Pink,Streetwear,"Party, Travel",Regular Fit,Autumn/Winter,"Fair, Medium","Slim, Average, Athletic, Broad, Plus Size",Cool,Leather,"Pink, streetwear, solid, urban, minimal",images/shoes/pink_boots.jpg
Mustard Knit Sweater 298,Top,Unisex,Mustard,Preppy,"Office, Casual Outing, Date",Regular Fit,Autumn/Winter,"Medium, Deep","Slim, Average, Athletic, Broad, Plus Size",Mild,Wool,"Mustard, preppy, solid, minimal",images/top/mustard_knit_sweater.jpg
Grey Blazer 299,Outerwear,Unisex,Grey,Smart Casual,Interview,Slim Fit,All Season,"Fair, Medium, Deep","Slim, Average, Athletic",Cool,Cotton,"Grey, smart casual, check, versatile",images/outerwear/grey_blazer.jpg
Brown Polo Shirt 300,Top,Unisex,Brown,Preppy,"University, Party, Casual Outing",Slim Fit,All Season,"Medium, Deep","Slim, Average, Athletic",Hot,Cotton,"Brown, preppy, striped",images/top/brown_polo_shirt.jpg
Red Henley 301,Top,Unisex,Red,Casual,Travel,Slim Fit,All Season,"Medium, Deep","Slim, Average, Athletic",Warm,Cotton,"Red, casual, solid, minimal",images/top/red_henley.jpg
Light Blue Shorts 302,Bottom,Unisex,Light Blue,Casual,"Travel, Casual Outing, Beach",Relaxed Fit,Spring/Summer,"Fair, Medium, Deep","Slim, Average, Athletic, Broad, Plus Size",Hot,Linen,"Light Blue, casual, striped",images/bottom/light_blue_shorts.jpg
Pink Sandals 303,Shoes,Unisex,Pink,Casual,Casual Outing,Regular Fit,Spring/Summer,"Fair, Medium","Slim, Average, Athletic, Broad, Plus Size",Hot,Rubber,"Pink, casual, solid, minimal",images/shoes/pink_sandals.jpg
Mustard T-Shirt 304,Top,Unisex,Mustard,Minimalist,"University, Party, Date",Regular Fit,All Season,"Medium, Deep","Slim, Average, Athletic, Broad, Plus Size",Hot,Cotton,"Mustard, minimalist, striped",images/top/mustard_t-shirt.jpg
Navy Dress Trousers 305,Bottom,Unisex,Navy,Formal,"Interview, Office",Regular Fit,All Season,"Fair, Medium, Deep","Slim, Average, Athletic, Broad, Plus Size",Any,Polyester,"Navy, formal, pinstripe, professional",images/bottom/navy_dress_trousers.jpg
Brown Hoodie 306,Top,Unisex,Brown,Casual,"Party, Travel",Oversized,Autumn/Winter,"Medium, Deep","Slim, Average, Broad, Plus Size",Cool,Fleece,"Brown, casual, solid, minimal",images/top/brown_hoodie.jpg
Beige Sneakers 307,Shoes,Unisex,Beige,Streetwear,"Party, Casual Outing",Regular Fit,All Season,"Medium, Deep","Slim, Average, Athletic, Broad, Plus Size",Any,Canvas,"Beige, streetwear, solid, urban, minimal",images/shoes/beige_sneakers.jpg
Lavender Henley 308,Top,Unisex,Lavender,Casual,Casual Outing,Slim Fit,All Season,"Fair, Medium","Slim, Average, Athletic",Mild,Cotton,"Lavender, casual, solid, minimal",images/top/lavender_henley.jpg
Beige Dress Trousers 309,Bottom,Unisex,Beige,Business Casual,"Interview, Presentation, Office",Slim Fit,All Season,"Medium, Deep","Slim, Average, Athletic",Mild,Wool,"Beige, business casual, pinstripe, professional",images/bottom/beige_dress_trousers.jpg
Forest Green Henley 310,Top,Unisex,Forest Green,Casual,"Travel, Date",Slim Fit,All Season,"Fair, Medium, Deep","Slim, Average, Athletic",Warm,Cotton,"Forest Green, casual, solid, minimal",images/top/forest_green_henley.jpg
Burgundy Chinos 311,Bottom,Unisex,Burgundy,Business Casual,Presentation,Slim Fit,All Season,"Fair, Medium, Deep","Slim, Average, Athletic",Warm,Cotton,"Burgundy, business casual, solid, professional, minimal",images/bottom/burgundy_chinos.jpg
Forest Green T-Shirt 312,Top,Unisex,Forest Green,Casual,Casual Outing,Relaxed Fit,Spring/Summer,"Fair, Medium, Deep","Slim, Average, Athletic, Broad, Plus Size",Hot,Cotton,"Forest Green, casual, solid, minimal",images/top/forest_green_t-shirt.jpg
Burgundy Bomber Jacket 313,Outerwear,Unisex,Burgundy,Casual,"Travel, University",Oversized,All Season,"Fair, Medium, Deep","Slim, Average, Broad, Plus Size",Mild,Nylon,"Burgundy, casual, solid, minimal",images/outerwear/burgundy_bomber_jacket.jpg
Mustard Bomber Jacket 314,Outerwear,Unisex,Mustard,Casual,Travel,Oversized,All Season,"Medium, Deep","Slim, Average, Broad, Plus Size",Cool,Cotton,"Mustard, casual, solid, minimal",images/outerwear/mustard_bomber_jacket.jpg
Lavender Loafers 315,Shoes,Unisex,Lavender,Business Casual,Party,Regular Fit,All Season,"Fair, Medium","Slim, Average, Athletic, Broad, Plus Size",Any,Suede,"Lavender, business casual, solid, professional, minimal",images/shoes/lavender_loafers.jpg
Forest Green Cargo Pants 316,Bottom,Unisex,Forest Green,Casual,"Travel, University",Regular Fit,All Season,"Fair, Medium, Deep","Slim, Average, Athletic, Broad, Plus Size",Any,Cotton,"Forest Green, casual, solid, minimal",images/bottom/forest_green_cargo_pants.jpg
White Shorts 317,Bottom,Unisex,White,Casual,Beach,Regular Fit,Spring/Summer,"Fair, Medium, Deep","Slim, Average, Athletic, Broad, Plus Size",Hot,Linen,"White, casual, solid, minimal",images/bottom/white_shorts.jpg
Forest Green Polo Shirt 318,Top,Unisex,Forest Green,Smart Casual,"Party, Office",Regular Fit,Spring/Summer,"Fair, Medium, Deep","Slim, Average, Athletic, Broad, Plus Size",Any,Cotton,"Forest Green, smart casual, striped, versatile",images/top/forest_green_polo_shirt.jpg
Mustard Oxford Shirt 319,Top,Unisex,Mustard,Preppy,"Date, Wedding, Presentation",Regular Fit,All Season,"Medium, Deep","Slim, Average, Athletic, Broad, Plus Size",Warm,Cotton,"Mustard, preppy, solid, minimal",images/top/mustard_oxford_shirt.jpg
Forest Green Dress Shirt 320,Top,Unisex,Forest Green,Formal,"Office, Presentation, Business Meeting",Slim Fit,All Season,"Fair, Medium, Deep","Slim, Average, Athletic",Any,Cotton,"Forest Green, formal, striped, professional",images/top/forest_green_dress_shirt.jpg
Khaki Shorts 321,Bottom,Unisex,Khaki,Casual,"Casual Outing, Travel, Beach",Regular Fit,Spring/Summer,"Medium, Deep","Slim, Average, Athletic, Broad, Plus Size",Hot,Cotton,"Khaki, casual, solid, minimal",images/bottom/khaki_shorts.jpg
Red Shorts 322,Bottom,Unisex,Red,Casual,"Travel, Casual Outing",Regular Fit,Spring/Summer,"Medium, Deep","Slim, Average, Athletic, Broad, Plus Size",Hot,Linen,"Red, casual, solid, minimal",images/bottom/red_shorts.jpg
Khaki Jeans 323,Bottom,Unisex,Khaki,Streetwear,"Date, Travel, Casual Outing",Straight Fit,All Season,"Medium, Deep","Slim, Average, Broad, Plus Size",Any,Denim,"Khaki, streetwear, solid, urban, minimal",images/bottom/khaki_jeans.jpg
Navy Sneakers 324,Shoes,Unisex,Navy,Casual,Party,Regular Fit,All Season,"Fair, Medium, Deep","Slim, Average, Athletic, Broad, Plus Size",Any,Leather,"Navy, casual, solid, minimal",images/shoes/navy_sneakers.jpg
Navy Henley 325,Top,Unisex,Navy,Smart Casual,Casual Outing,Regular Fit,All Season,"Fair, Medium, Deep","Slim, Average, Athletic, Broad, Plus Size",Warm,Cotton,"Navy, smart casual, solid, versatile, minimal",images/top/navy_henley.jpg
White Knit Sweater 326,Top,Unisex,White,Preppy,"Travel, Date",Regular Fit,Autumn/Winter,"Fair, Medium, Deep","Slim, Average, Athletic, Broad, Plus Size",Mild,Cotton,"White, preppy, solid, minimal",images/top/white_knit_sweater.jpg
Light Blue Bomber Jacket 327,Outerwear,Unisex,Light Blue,Casual,"Date, Travel",Regular Fit,All Season,"Fair, Medium, Deep","Slim, Average, Athletic, Broad, Plus Size",Mild,Cotton,"Light Blue, casual, solid, minimal",images/outerwear/light_blue_bomber_jacket.jpg
Beige Cargo Pants 328,Bottom,Unisex,Beige,Streetwear,Casual Outing,Regular Fit,All Season,"Medium, Deep","Slim, Average, Athletic, Broad, Plus Size",Any,Cotton,"Beige, streetwear, solid, urban, minimal",images/bottom/beige_cargo_pants.jpg
Brown Knit Sweater 329,Top,Unisex,Brown,Minimalist,"University, Travel",Regular Fit,Autumn/Winter,"Medium, Deep","Slim, Average, Athletic, Broad, Plus Size",Cool,Cotton,"Brown, minimalist, solid, minimal",images/top/brown_knit_sweater.jpg
Black Denim Jacket 330,Outerwear,Unisex,Black,Casual,"Party, Travel",Relaxed Fit,All Season,"Fair, Medium, Deep","Slim, Average, Athletic, Broad, Plus Size",Mild,Denim,"Black, casual, solid, minimal",images/outerwear/black_denim_jacket.jpg
Lavender Hoodie 331,Top,Unisex,Lavender,Streetwear,"University, Casual Outing",Oversized,Autumn/Winter,"Fair, Medium","Slim, Average, Broad, Plus Size",Mild,Cotton,"Lavender, streetwear, graphic, urban",images/top/lavender_hoodie.jpg
Red Oxford Shirt 332,Top,Unisex,Red,Smart Casual,Date,Regular Fit,All Season,"Medium, Deep","Slim, Average, Athletic, Broad, Plus Size",Warm,Cotton,"Red, smart casual, solid, versatile, minimal",images/top/red_oxford_shirt.jpg
White Knit Sweater 333,Top,Unisex,White,Minimalist,"Casual Outing, Date",Relaxed Fit,Autumn/Winter,"Fair, Medium, Deep","Slim, Average, Athletic, Broad, Plus Size",Cool,Cotton,"White, minimalist, solid, minimal",images/top/white_knit_sweater.jpg
Mustard Shorts 334,Bottom,Unisex,Mustard,Casual,"Travel, Beach, Casual Outing",Regular Fit,Spring/Summer,"Medium, Deep","Slim, Average, Athletic, Broad, Plus Size",Hot,Linen,"Mustard, casual, striped",images/bottom/mustard_shorts.jpg
Light Blue Chinos 335,Bottom,Unisex,Light Blue,Smart Casual,Presentation,Slim Fit,All Season,"Fair, Medium, Deep","Slim, Average, Athletic",Warm,Cotton,"Light Blue, smart casual, solid, versatile, minimal",images/bottom/light_blue_chinos.jpg
Burgundy Knit Sweater 336,Top,Unisex,Burgundy,Preppy,Date,Relaxed Fit,Autumn/Winter,"Fair, Medium, Deep","Slim, Average, Athletic, Broad, Plus Size",Mild,Cotton,"Burgundy, preppy, solid, minimal",images/top/burgundy_knit_sweater.jpg
Navy Polo Shirt 337,Top,Unisex,Navy,Casual,"Office, University",Slim Fit,All Season,"Fair, Medium, Deep","Slim, Average, Athletic",Any,Cotton,"Navy, casual, striped",images/top/navy_polo_shirt.jpg
Cream Linen Shirt 338,Top,Unisex,Cream,Smart Casual,Date,Relaxed Fit,Spring/Summer,"Medium, Deep","Slim, Average, Athletic, Broad, Plus Size",Warm,Linen,"Cream, smart casual, solid, versatile, minimal",images/top/cream_linen_shirt.jpg
Beige Dress Trousers 339,Bottom,Unisex,Beige,Business Casual,Business Meeting,Straight Fit,All Season,"Medium, Deep","Slim, Average, Broad, Plus Size",Mild,Wool,"Beige, business casual, pinstripe, professional",images/bottom/beige_dress_trousers.jpg
Beige Blazer 340,Outerwear,Unisex,Beige,Business Casual,"Presentation, Date",Slim Fit,All Season,"Medium, Deep","Slim, Average, Athletic",Any,Wool,"Beige, business casual, check, professional",images/outerwear/beige_blazer.jpg
Black Shorts 341,Bottom,Unisex,Black,Casual,Casual Outing,Regular Fit,Spring/Summer,"Fair, Medium, Deep","Slim, Average, Athletic, Broad, Plus Size",Hot,Linen,"Black, casual, solid, minimal",images/bottom/black_shorts.jpg
Brown T-Shirt 342,Top,Unisex,Brown,Casual,"Date, Travel",Oversized,All Season,"Medium, Deep","Slim, Average, Broad, Plus Size",Hot,Cotton,"Brown, casual, solid, minimal",images/top/brown_t-shirt.jpg
Navy Henley 343,Top,Unisex,Navy,Casual,"University, Date, Travel",Regular Fit,All Season,"Fair, Medium, Deep","Slim, Average, Athletic, Broad, Plus Size",Mild,Cotton,"Navy, casual, solid, minimal",images/top/navy_henley.jpg
Cream Cargo Pants 344,Bottom,Unisex,Cream,Casual,University,Relaxed Fit,All Season,"Medium, Deep","Slim, Average, Athletic, Broad, Plus Size",Any,Cotton,"Cream, casual, solid, minimal",images/bottom/cream_cargo_pants.jpg
Beige Blazer 345,Outerwear,Unisex,Beige,Formal,"Wedding, Interview, Date",Regular Fit,All Season,"Medium, Deep","Slim, Average, Athletic, Broad, Plus Size",Any,Wool,"Beige, formal, check, professional",images/outerwear/beige_blazer.jpg
Black Dress Shirt 346,Top,Unisex,Black,Formal,"Office, Presentation, Wedding",Slim Fit,All Season,"Fair, Medium, Deep","Slim, Average, Athletic",Warm,Cotton,"Black, formal, solid, professional, minimal",images/top/black_dress_shirt.jpg
Cream Linen Shirt 347,Top,Unisex,Cream,Casual,"Beach, Party",Relaxed Fit,Spring/Summer,"Medium, Deep","Slim, Average, Athletic, Broad, Plus Size",Warm,Linen,"Cream, casual, solid, minimal",images/top/cream_linen_shirt.jpg
Light Blue Chinos 348,Bottom,Unisex,Light Blue,Business Casual,"Casual Outing, Date",Regular Fit,All Season,"Fair, Medium, Deep","Slim, Average, Athletic, Broad, Plus Size",Warm,Cotton,"Light Blue, business casual, solid, professional, minimal",images/bottom/light_blue_chinos.jpg
Beige Chinos 349,Bottom,Unisex,Beige,Business Casual,Office,Straight Fit,All Season,"Medium, Deep","Slim, Average, Broad, Plus Size",Warm,Cotton,"Beige, business casual, solid, professional, minimal",images/bottom/beige_chinos.jpg
Navy T-Shirt 350,Top,Unisex,Navy,Casual,University,Oversized,Spring/Summer,"Fair, Medium, Deep","Slim, Average, Broad, Plus Size",Hot,Cotton,"Navy, casual, striped",images/top/navy_t-shirt.jpg
Brown Jeans 351,Bottom,Unisex,Brown,Smart Casual,University,Regular Fit,All Season,"Medium, Deep","Slim, Average, Athletic, Broad, Plus Size",Any,Denim,"Brown, smart casual, solid, versatile, minimal",images/bottom/brown_jeans.jpg
Pink Chinos 352,Bottom,Unisex,Pink,Preppy,Business Meeting,Regular Fit,All Season,"Fair, Medium","Slim, Average, Athletic, Broad, Plus Size",Any,Cotton,"Pink, preppy, solid, minimal",images/bottom/pink_chinos.jpg
Beige Bomber Jacket 353,Outerwear,Unisex,Beige,Streetwear,"Casual Outing, University",Oversized,All Season,"Medium, Deep","Slim, Average, Broad, Plus Size",Cool,Cotton,"Beige, streetwear, solid, urban, minimal",images/outerwear/beige_bomber_jacket.jpg
Mustard Shorts 354,Bottom,Unisex,Mustard,Casual,Beach,Relaxed Fit,Spring/Summer,"Medium, Deep","Slim, Average, Athletic, Broad, Plus Size",Hot,Linen,"Mustard, casual, solid, minimal",images/bottom/mustard_shorts.jpg
Beige Polo Shirt 355,Top,Unisex,Beige,Smart Casual,"Travel, Office",Regular Fit,All Season,"Medium, Deep","Slim, Average, Athletic, Broad, Plus Size",Hot,Pique,"Beige, smart casual, striped, versatile",images/top/beige_polo_shirt.jpg
Khaki Linen Shirt 356,Top,Unisex,Khaki,Smart Casual,"Casual Outing, Beach",Regular Fit,Spring/Summer,"Medium, Deep","Slim, Average, Athletic, Broad, Plus Size",Hot,Linen,"Khaki, smart casual, solid, versatile, minimal",images/top/khaki_linen_shirt.jpg
Brown Boots 357,Shoes,Unisex,Brown,Streetwear,"University, Date",Regular Fit,All Season,"Medium, Deep","Slim, Average, Athletic, Broad, Plus Size",Any,Leather,"Brown, streetwear, solid, urban, minimal",images/shoes/brown_boots.jpg
White Linen Shirt 358,Top,Unisex,White,Casual,"Casual Outing, Travel",Regular Fit,Spring/Summer,"Fair, Medium, Deep","Slim, Average, Athletic, Broad, Plus Size",Hot,Linen,"White, casual, solid, minimal",images/top/white_linen_shirt.jpg
Olive Dress Trousers 359,Bottom,Unisex,Olive,Formal,Presentation,Straight Fit,All Season,"Medium, Deep","Slim, Average, Broad, Plus Size",Mild,Wool,"Olive, formal, solid, professional, minimal",images/bottom/olive_dress_trousers.jpg
Lavender Loafers 360,Shoes,Unisex,Lavender,Smart Casual,"Party, Office, Presentation",Regular Fit,All Season,"Fair, Medium","Slim, Average, Athletic, Broad, Plus Size",Any,Suede,"Lavender, smart casual, solid, versatile, minimal",images/shoes/lavender_loafers.jpg
Forest Green Shorts 361,Bottom,Unisex,Forest Green,Casual,"Travel, Beach",Regular Fit,Spring/Summer,"Fair, Medium, Deep","Slim, Average, Athletic, Broad, Plus Size",Hot,Cotton,"Forest Green, casual, striped",images/bottom/forest_green_shorts.jpg
Lavender Knit Sweater 362,Top,Unisex,Lavender,Preppy,"University, Office, Travel",Relaxed Fit,Autumn/Winter,"Fair, Medium","Slim, Average, Athletic, Broad, Plus Size",Cool,Cotton,"Lavender, preppy, solid, minimal",images/top/lavender_knit_sweater.jpg
Burgundy Cargo Pants 363,Bottom,Unisex,Burgundy,Streetwear,"Party, University, Casual Outing",Regular Fit,All Season,"Fair, Medium, Deep","Slim, Average, Athletic, Broad, Plus Size",Any,Cotton,"Burgundy, streetwear, solid, urban, minimal",images/bottom/burgundy_cargo_pants.jpg
Cream Denim Jacket 364,Outerwear,Unisex,Cream,Casual,"Travel, University, Casual Outing",Regular Fit,Autumn/Winter,"Medium, Deep","Slim, Average, Athletic, Broad, Plus Size",Mild,Denim,"Cream, casual, solid, minimal",images/outerwear/cream_denim_jacket.jpg
Light Blue Polo Shirt 365,Top,Unisex,Light Blue,Casual,"Date, Travel, Party",Regular Fit,All Season,"Fair, Medium, Deep","Slim, Average, Athletic, Broad, Plus Size",Hot,Cotton,"Light Blue, casual, solid, minimal",images/top/light_blue_polo_shirt.jpg
Beige Boots 366,Shoes,Unisex,Beige,Streetwear,"Date, Party, University",Regular Fit,Autumn/Winter,"Medium, Deep","Slim, Average, Athletic, Broad, Plus Size",Mild,Leather,"Beige, streetwear, solid, urban, minimal",images/shoes/beige_boots.jpg
Olive Knit Sweater 367,Top,Unisex,Olive,Preppy,"Travel, Casual Outing",Relaxed Fit,Autumn/Winter,"Medium, Deep","Slim, Average, Athletic, Broad, Plus Size",Cool,Cotton,"Olive, preppy, solid, minimal",images/top/olive_knit_sweater.jpg
Red Sandals 368,Shoes,Unisex,Red,Casual,"Casual Outing, Beach, Travel",Regular Fit,Spring/Summer,"Medium, Deep","Slim, Average, Athletic, Broad, Plus Size",Hot,Leather,"Red, casual, solid, minimal",images/shoes/red_sandals.jpg
Pink Dress Shirt 369,Top,Unisex,Pink,Business Casual,Presentation,Regular Fit,All Season,"Fair, Medium","Slim, Average, Athletic, Broad, Plus Size",Any,Cotton,"Pink, business casual, solid, professional, minimal",images/top/pink_dress_shirt.jpg
White Linen Shirt 370,Top,Unisex,White,Casual,Beach,Regular Fit,Spring/Summer,"Fair, Medium, Deep","Slim, Average, Athletic, Broad, Plus Size",Warm,Linen,"White, casual, striped",images/top/white_linen_shirt.jpg
Cream Chinos 371,Bottom,Unisex,Cream,Preppy,"Casual Outing, University, Date",Slim Fit,All Season,"Medium, Deep","Slim, Average, Athletic",Any,Cotton,"Cream, preppy, solid, minimal",images/bottom/cream_chinos.jpg
Burgundy Knit Sweater 372,Top,Unisex,Burgundy,Minimalist,"Office, Travel, Casual Outing",Regular Fit,Autumn/Winter,"Fair, Medium, Deep","Slim, Average, Athletic, Broad, Plus Size",Mild,Cotton,"Burgundy, minimalist, solid, minimal",images/top/burgundy_knit_sweater.jpg
Cream Jeans 373,Bottom,Unisex,Cream,Streetwear,"Date, Casual Outing",Regular Fit,All Season,"Medium, Deep","Slim, Average, Athletic, Broad, Plus Size",Any,Denim,"Cream, streetwear, solid, urban, minimal",images/bottom/cream_jeans.jpg
Beige Oxford Shirt 374,Top,Unisex,Beige,Business Casual,"Office, Business Meeting, Date",Slim Fit,All Season,"Medium, Deep","Slim, Average, Athletic",Warm,Cotton,"Beige, business casual, striped, professional",images/top/beige_oxford_shirt.jpg
Olive Blazer 375,Outerwear,Unisex,Olive,Formal,"Wedding, Interview",Regular Fit,All Season,"Medium, Deep","Slim, Average, Athletic, Broad, Plus Size",Cool,Cotton,"Olive, formal, solid, professional, minimal",images/outerwear/olive_blazer.jpg
Burgundy Bomber Jacket 376,Outerwear,Unisex,Burgundy,Streetwear,"University, Casual Outing, Party",Oversized,All Season,"Fair, Medium, Deep","Slim, Average, Broad, Plus Size",Cool,Nylon,"Burgundy, streetwear, solid, urban, minimal",images/outerwear/burgundy_bomber_jacket.jpg
Mustard Sandals 377,Shoes,Unisex,Mustard,Casual,"Travel, Beach",Regular Fit,Spring/Summer,"Medium, Deep","Slim, Average, Athletic, Broad, Plus Size",Hot,Leather,"Mustard, casual, solid, minimal",images/shoes/mustard_sandals.jpg
Khaki Denim Jacket 378,Outerwear,Unisex,Khaki,Casual,Travel,Regular Fit,All Season,"Medium, Deep","Slim, Average, Athletic, Broad, Plus Size",Cool,Denim,"Khaki, casual, solid, minimal",images/outerwear/khaki_denim_jacket.jpg
Light Blue Shorts 379,Bottom,Unisex,Light Blue,Casual,"Beach, Travel",Relaxed Fit,Spring/Summer,"Fair, Medium, Deep","Slim, Average, Athletic, Broad, Plus Size",Hot,Linen,"Light Blue, casual, striped",images/bottom/light_blue_shorts.jpg
Cream Bomber Jacket 380,Outerwear,Unisex,Cream,Streetwear,Casual Outing,Regular Fit,Autumn/Winter,"Medium, Deep","Slim, Average, Athletic, Broad, Plus Size",Cool,Nylon,"Cream, streetwear, solid, urban, minimal",images/outerwear/cream_bomber_jacket.jpg
Light Blue Sneakers 381,Shoes,Unisex,Light Blue,Casual,"Travel, University, Date",Regular Fit,All Season,"Fair, Medium, Deep","Slim, Average, Athletic, Broad, Plus Size",Any,Leather,"Light Blue, casual, solid, minimal",images/shoes/light_blue_sneakers.jpg
White Oxford Shirt 382,Top,Unisex,White,Business Casual,"Presentation, Wedding",Regular Fit,All Season,"Fair, Medium, Deep","Slim, Average, Athletic, Broad, Plus Size",Warm,Cotton,"White, business casual, striped, professional",images/top/white_oxford_shirt.jpg
Red Sneakers 383,Shoes,Unisex,Red,Casual,"University, Travel, Date",Regular Fit,All Season,"Medium, Deep","Slim, Average, Athletic, Broad, Plus Size",Any,Leather,"Red, casual, solid, minimal",images/shoes/red_sneakers.jpg
Burgundy Dress Shirt 384,Top,Unisex,Burgundy,Business Casual,"Interview, Presentation, Wedding",Slim Fit,All Season,"Fair, Medium, Deep","Slim, Average, Athletic",Warm,Cotton,"Burgundy, business casual, striped, professional",images/top/burgundy_dress_shirt.jpg
Brown Sandals 385,Shoes,Unisex,Brown,Casual,Casual Outing,Regular Fit,Spring/Summer,"Medium, Deep","Slim, Average, Athletic, Broad, Plus Size",Hot,Rubber,"Brown, casual, solid, minimal",images/shoes/brown_sandals.jpg
Grey Sandals 386,Shoes,Unisex,Grey,Casual,Casual Outing,Regular Fit,Spring/Summer,"Fair, Medium, Deep","Slim, Average, Athletic, Broad, Plus Size",Hot,Leather,"Grey, casual, solid, minimal",images/shoes/grey_sandals.jpg
Cream Cargo Pants 387,Bottom,Unisex,Cream,Streetwear,University,Regular Fit,All Season,"Medium, Deep","Slim, Average, Athletic, Broad, Plus Size",Any,Cotton,"Cream, streetwear, solid, urban, minimal",images/bottom/cream_cargo_pants.jpg
White Henley 388,Top,Unisex,White,Smart Casual,Date,Slim Fit,All Season,"Fair, Medium, Deep","Slim, Average, Athletic",Mild,Cotton,"White, smart casual, solid, versatile, minimal",images/top/white_henley.jpg
Pink Dress Trousers 389,Bottom,Unisex,Pink,Formal,Office,Straight Fit,All Season,"Fair, Medium","Slim, Average, Broad, Plus Size",Mild,Wool,"Pink, formal, solid, professional, minimal",images/bottom/pink_dress_trousers.jpg
Lavender Oxford Shoes 390,Shoes,Unisex,Lavender,Business Casual,Interview,Regular Fit,All Season,"Fair, Medium","Slim, Average, Athletic, Broad, Plus Size",Any,Leather,"Lavender, business casual, solid, professional, minimal",images/shoes/lavender_oxford_shoes.jpg
Brown Dress Trousers 391,Bottom,Unisex,Brown,Formal,"Office, Presentation, Business Meeting",Straight Fit,All Season,"Medium, Deep","Slim, Average, Broad, Plus Size",Mild,Polyester,"Brown, formal, solid, professional, minimal",images/bottom/brown_dress_trousers.jpg
Pink Loafers 392,Shoes,Unisex,Pink,Business Casual,Presentation,Regular Fit,All Season,"Fair, Medium","Slim, Average, Athletic, Broad, Plus Size",Any,Leather,"Pink, business casual, solid, professional, minimal",images/shoes/pink_loafers.jpg
Olive Hoodie 393,Top,Unisex,Olive,Casual,Travel,Relaxed Fit,Autumn/Winter,"Medium, Deep","Slim, Average, Athletic, Broad, Plus Size",Mild,Cotton,"Olive, casual, solid, minimal",images/top/olive_hoodie.jpg
Khaki Sandals 394,Shoes,Unisex,Khaki,Casual,"Casual Outing, Beach",Regular Fit,Spring/Summer,"Medium, Deep","Slim, Average, Athletic, Broad, Plus Size",Hot,Rubber,"Khaki, casual, solid, minimal",images/shoes/khaki_sandals.jpg
Pink Shorts 395,Bottom,Unisex,Pink,Casual,Casual Outing,Regular Fit,Spring/Summer,"Fair, Medium","Slim, Average, Athletic, Broad, Plus Size",Hot,Cotton,"Pink, casual, solid, minimal",images/bottom/pink_shorts.jpg
Grey Blazer 396,Outerwear,Unisex,Grey,Smart Casual,Interview,Regular Fit,All Season,"Fair, Medium, Deep","Slim, Average, Athletic, Broad, Plus Size",Cool,Cotton,"Grey, smart casual, check, versatile",images/outerwear/grey_blazer.jpg
Pink Jeans 397,Bottom,Unisex,Pink,Casual,"University, Party",Slim Fit,All Season,"Fair, Medium","Slim, Average, Athletic",Any,Denim,"Pink, casual, solid, minimal",images/bottom/pink_jeans.jpg
Red Bomber Jacket 398,Outerwear,Unisex,Red,Casual,"Date, University",Oversized,Autumn/Winter,"Medium, Deep","Slim, Average, Broad, Plus Size",Mild,Cotton,"Red, casual, solid, minimal",images/outerwear/red_bomber_jacket.jpg
Olive Boots 399,Shoes,Unisex,Olive,Smart Casual,"Party, Travel",Regular Fit,All Season,"Medium, Deep","Slim, Average, Athletic, Broad, Plus Size",Mild,Suede,"Olive, smart casual, solid, versatile, minimal",images/shoes/olive_boots.jpg
Grey Boots 400,Shoes,Unisex,Grey,Smart Casual,Casual Outing,Regular Fit,Autumn/Winter,"Fair, Medium, Deep","Slim, Average, Athletic, Broad, Plus Size",Any,Leather,"Grey, smart casual, solid, versatile, minimal",images/shoes/grey_boots.jpg
